ITEM_NAME,TYPE
腾讯QQ蓝钻贵族34个月直充,本地生活--游戏充值--QQ充值
腾讯QQ币24元24QQ币24个直充24Q币24个Q币24个QB/24QQB★自动充值,本地生活--游戏充值--QQ充值
腾讯QQ币101元101QQ币101个直充101Q币101个Q币101个QB★自动充值,本地生活--游戏充值--QQ充值
腾讯QQ币402元 402QB 402QQ币402个 402Q币 402个Q币 自动充值,本地生活--游戏充值--QQ充值
腾讯QQ币380元 380QB 380QQ币380个 380Q币 380个Q币 自动充值,本地生活--游戏充值--QQ充值
腾讯QQ币424元 424QB 424QQ币424个 424Q币 424个Q币 自动充值,本地生活--游戏充值--QQ充值
腾讯QQ币479元 479QB 479QQ币479个 479Q币 479个Q币 自动充值,本地生活--游戏充值--QQ充值
腾讯QQ会员1个月QQ会员一个月包月卡自动充值可查时间可续费,本地生活--游戏充值--QQ充值
腾讯QQ蓝钻包月卡 QQ蓝钻一个月QQ蓝钻1个月 1个月QQ蓝钻 可查可续 自动充值,本地生活--游戏充值--QQ充值
腾讯QQ币35元35QQ币35个直充35Q币35个Q币35个QB/35QQB★自动充值,本地生活--游戏充值--QQ充值
腾讯QQ紫钻贵族 飞车紫钻42个月直充,本地生活--游戏充值--QQ充值
QQ粉钻两个月QQ粉钻2个月/QQ宠物粉钻2个月可查时间 自动充值,本地生活--游戏充值--QQ充值
腾讯QQ币357元357QQ币自动充值357qb/357个QQB★自动充值,本地生活--游戏充值--QQ充值
腾讯QQ币148元148QQ币148个qb直充148Q币148个Q币148个QB点卡 自动,本地生活--游戏充值--QQ充值
QQ飞车紫钻十一个月QQ飞车紫钻包年QQ车紫钻11个月可续费可查时间★自动充值,本地生活--游戏充值--QQ充值
腾讯QQ秀红钻贵族年费12个月一年15点成长可续费查时间自动充值带年标,本地生活--游戏充值--QQ充值
腾讯QQ音乐绿钻贵族十个月 QQ空间音乐绿钻10个月 包月卡可查时间可续费★自动充值,本地生活--游戏充值--QQ充值
腾讯QQ币55元55QQ币55个直充55Q币55个Q币55个QB/55QQB★自动充值,本地生活--游戏充值--QQ充值
腾讯QQ币421元421QQ币自动充值421qb/421个QQB★自动充值,本地生活--游戏充值--QQ充值
腾讯QQ币119元 119QB 119QQ币119个 119Q币 119个Q币 自动充值,本地生活--游戏充值--QQ充值
腾讯QQ炫舞紫钻3个月QQ炫舞紫钻三个月QQ炫舞紫钻三个月 自动充值,本地生活--游戏充值--QQ充值
腾讯QQ蓝钻 QQ蓝钻五个月 QQ蓝钻5个月QQ蓝钻 五个月QQ蓝钻 可查可续 自动充值,本地生活--游戏充值--QQ充值
QQ粉钻三个月QQ粉钻3个月/QQ宠物粉钻3个月可查时间 自动充值,本地生活--游戏充值--QQ充值
腾讯QQ堂紫钻50个月直充,本地生活--游戏充值--QQ充值
腾讯QQ黄钻贵族17个月直充,本地生活--游戏充值--QQ充值
腾讯QQ会员 QQ会员九个月 QQ会员9个月QQ会员 九个月QQ会员 可查可续 自动充值,本地生活--游戏充值--QQ充值
腾讯QQ币337元 337QB 337QQ币337个 337Q币 337个Q币 自动充值,本地生活--游戏充值--QQ充值
腾讯QQ币178元 178QB 178QQ币178个 178Q币 178个Q币 自动充值,本地生活--游戏充值--QQ充值
腾讯QQ黄钻贵族48个月直充,本地生活--游戏充值--QQ充值
腾讯QQ绿钻贵族 音乐绿钻 16个月直充,本地生活--游戏充值--QQ充值
腾讯QQ币362元362QQ币362个qb直充362Q币362个Q币362个QB点卡 自动,本地生活--游戏充值--QQ充值
腾讯QQ币353元 353QB 353QQ币353个 353Q币 353个Q币 自动充值,本地生活--游戏充值--QQ充值
腾讯QQ炫舞紫钻4个月直充,本地生活--游戏充值--QQ充值
腾讯QQ紫钻贵族 音速紫钻 41个月直充,本地生活--游戏充值--QQ充值
腾讯QQ币129元 129QB 129QQ币129个 129Q币 129个Q币 自动充值,本地生活--游戏充值--QQ充值
腾讯QQ蓝钻贵族39个月直充,本地生活--游戏充值--QQ充值
腾讯QQ黄钻 QQ黄钻四个月 QQ黄钻4个月QQ黄钻 四个月QQ黄钻 可查可续 自动充值,本地生活--游戏充值--QQ充值
腾讯QQ炫舞紫钻24个月直充,本地生活--游戏充值--QQ充值
腾讯QQ币86元86QQ币86个qb直充86Q币86个Q币86个QB点卡 自动充值,本地生活--游戏充值--QQ充值
腾讯QQ币97元 97QB 97QQ币97个 97Q币 97个Q币 自动充值,本地生活--游戏充值--QQ充值
腾讯QQ币221元 221QB 221QQ币221个 221Q币 221个Q币 自动充值,本地生活--游戏充值--QQ充值
腾讯QQ币291元 291QB 291QQ币291个 291Q币 291个Q币 自动充值,本地生活--游戏充值--QQ充值
腾讯QQ币44元 44QB 44QQ币44个 44q币 44Q币 44个Q币 自动充值,本地生活--游戏充值--QQ充值
腾讯QQ粉钻贵族21个月直充,本地生活--游戏充值--QQ充值
腾讯QQ粉钻贵族37个月直充,本地生活--游戏充值--QQ充值
腾讯QQ黄钻贵族 QQ空间 1个月_10元直充,本地生活--游戏充值--QQ充值
腾讯QQ紫钻贵族 音速紫钻11个月直充,本地生活--游戏充值--QQ充值
腾讯QQ币466元466QQ币自动充值466qb/466个QQB★自动充值,本地生活--游戏充值--QQ充值
腾讯QQ超级会员 SVIP 18个月直充,本地生活--游戏充值--QQ充值
腾讯QQ会员38个月直充,本地生活--游戏充值--QQ充值
腾讯QQ币259元 259QB 259QQ币259个 259Q币 259个Q币 自动充值,本地生活--游戏充值--QQ充值
腾讯QQ情侣红钻14个月直充,本地生活--游戏充值--QQ充值
腾讯QQ粉钻贵族39个月直充,本地生活--游戏充值--QQ充值
腾讯QQ币7元 7QB 7QQ币7个 7q币 7Q币 7个Q币 自动充值,本地生活--游戏充值--QQ充值
腾讯QQ币453元 453QB 453QQ币453个 453Q币 453个Q币 自动充值,本地生活--游戏充值--QQ充值
腾讯QQ红钻QQ秀贵族1个月包月 可查时间 可续费 24小时自动充值,本地生活--游戏充值--QQ充值
腾讯QQ币382元 382QB 382QQ币382个 382Q币 382个Q币 自动充值,本地生活--游戏充值--QQ充值
腾讯QQ币21元21QQ币21个直充21Q币21个Q币21个QB/21QQB★自动充值,本地生活--游戏充值--QQ充值
腾讯QQ币23元23QQ币23个直充23Q币23个Q币23个QB/23QQB★自动充值,本地生活--游戏充值--QQ充值
腾讯QQ币274元274QQ币274个qb直充274Q币274个Q币274个QB点卡 自动,本地生活--游戏充值--QQ充值
腾讯QQ币365元 365QB 365QQ币365个 365Q币 365个Q币 自动充值,本地生活--游戏充值--QQ充值
腾讯QQ蓝钻豪华版20个月直充,本地生活--游戏充值--QQ充值
腾讯QQ会员 1个月直充,本地生活--游戏充值--QQ充值
腾讯QQ币160元160QQ币160个qb直充160Q币160个Q币160个QB点卡 自动,本地生活--游戏充值--QQ充值
【自动充值】腾讯QQVIP超级会员二个月 QQ超级会员2个月★可查时间可续费,本地生活--游戏充值--QQ充值
腾讯QQ币408元408QQ币自动充值408qb/408个QQB★自动充值,本地生活--游戏充值--QQ充值
腾讯QQ堂紫钻37个月直充,本地生活--游戏充值--QQ充值
腾讯QQ币92元 92QB 92QQ币92个 92Q币 92个Q币 自动充值,本地生活--游戏充值--QQ充值
腾讯QQ币111元111QQ币111个直充111Q币111个Q币111个QQB★自动充值,本地生活--游戏充值--QQ充值
腾讯QQ币257元 257QB 257QQ币257个 257Q币 257个Q币 自动充值,本地生活--游戏充值--QQ充值
腾讯QQ绿钻 QQ绿钻十一个月QQ绿钻 QQ绿钻11个月QQ绿钻 可查可续 自动充值,本地生活--游戏充值--QQ充值
腾讯QQ币494元 494QB 494QQ币494个 494Q币 494个Q币 自动充值,本地生活--游戏充值--QQ充值
腾讯QQ炫舞紫钻8个月QQ炫舞紫钻八个月QQ炫舞紫钻八个月 自动充值,本地生活--游戏充值--QQ充值
腾讯QQ会员2个月直充,本地生活--游戏充值--QQ充值
腾讯QQ紫钻贵族 音速紫钻 32个月直充,本地生活--游戏充值--QQ充值
腾讯QQ币483元483QQ币自动充值483qb/483个QQB★自动充值,本地生活--游戏充值--QQ充值
腾讯QQ币445元 445QB 445QQ币445个 445Q币 445个Q币 自动充值,本地生活--游戏充值--QQ充值
腾讯QQ币388元 388QB 388QQ币388个 388Q币 388个Q币 自动充值,本地生活--游戏充值--QQ充值
腾讯QQ蓝钻贵族41个月直充,本地生活--游戏充值--QQ充值
腾讯QQ情侣红钻31个月直充,本地生活--游戏充值--QQ充值
腾讯QQ币326元326QQ币326个qb直充326Q币326个Q币326个QB点卡 自动,本地生活--游戏充值--QQ充值
腾讯QQ币97元97QQ币97个直充97Q币97个Q币97个QB/97QQB★自动充值,本地生活--游戏充值--QQ充值
QQ飞车紫钻八个月/QQ飞车紫钻8个月/QQ飞车★可查时间 自动充值,本地生活--游戏充值--游戏点卡
腾讯QQ蓝钻豪华版31个月直充,本地生活--游戏充值--QQ充值
腾讯QQ绿钻贵族 音乐绿钻 32个月直充,本地生活--游戏充值--QQ充值
腾讯QQ红钻贵族6个月直充,本地生活--游戏充值--QQ充值
腾讯QQ空间黄钻贵族五个月QQ黄钻5个月包月卡可查时间可续费★自动充值,本地生活--游戏充值--QQ充值
腾讯q币充值16元qq币16qb16q币自动充值,本地生活--游戏充值--QQ充值
腾讯QQ币226元226QQ币226个qb直充226Q币226个Q币226个QB点卡 自动,本地生活--游戏充值--QQ充值
腾讯QQ币344元 344QB 344QQ币344个 344Q币 344个Q币 自动充值,本地生活--游戏充值--QQ充值
腾讯QQ币486元 486QB 486QQ币486个 486Q币 486个Q币 自动充值,本地生活--游戏充值--QQ充值
腾讯QQ币379元379QQ币自动充值379qb/379个QQB★自动充值,本地生活--游戏充值--QQ充值
腾讯QQ币228元 228QB 228QQ币228个 228Q币 228个Q币 自动充值,本地生活--游戏充值--QQ充值
腾讯QQ币326元 326QB 326QQ币326个 326Q币 326个Q币 自动充值,本地生活--游戏充值--QQ充值
腾讯QQ币400元400Q币400个qb直充400Q币400个Q币400QB点卡 自动充值,本地生活--游戏充值--QQ充值
腾讯QQ超级会员1个月超级会员一个月包月卡 QQSVIP1个月可查可续 24小时自动充值,本地生活--游戏充值--QQ充值
腾讯QQ钻皇/QQ钻皇包年/QQ钻皇12个月/钻皇年费可查可续 自动充值,本地生活--游戏充值--QQ充值
腾讯QQ红钻19个月直充,本地生活--游戏充值--QQ充值
腾讯QQ情侣红钻32个月直充,本地生活--游戏充值--QQ充值
腾讯QQ空间黄钻贵族八个月QQ黄钻8个月包月卡可查时间可续费★自动充值,本地生活--游戏充值--QQ充值
Elelen银尊会员 美国胶原蛋白口服液40盒装,食品/饮料/酒水--饮料冲调--冲饮谷物
腾讯QQ币273元 273QB 273QQ币273个 273Q币 273个Q币 自动充值,本地生活--游戏充值--QQ充值
QQ炫舞紫钻9个月QQ炫舞紫钻九个月可续费可查时间自动充值,本地生活--游戏充值--QQ充值
腾讯QQ币462元 462QB 462QQ币462个 462Q币 462个Q币 自动充值,本地生活--游戏充值--QQ充值
腾讯QQ币444元444QQ币444个qb直充444Q币444个Q币444个QB点卡 自动,本地生活--游戏充值--QQ充值
腾讯QQ币366元 366QB 366QQ币366个 366Q币 366个Q币 自动充值,本地生活--游戏充值--QQ充值
腾讯QQ币 Q币 QB 3个 3元直充,本地生活--游戏充值--QQ充值
腾讯QQ钻皇/QQ钻皇5个月/qq钻皇五个月/钻皇按月直充可查可续★自动充值,本地生活--游戏充值--QQ充值
腾讯QQ币333元 333QB 333QQ币333个 333Q币 333个Q币 自动充值,本地生活--游戏充值--QQ充值
腾讯QQ币76元76QQ币76个qb直充76Q币76个Q币76个QB点卡 自动充值,本地生活--游戏充值--QQ充值
腾讯Q点 q点 4900点 490元直充,本地生活--游戏充值--QQ充值
腾讯QQ堂紫钻29个月直充,本地生活--游戏充值--QQ充值
QQ粉钻十二个月QQ粉钻12个月/QQ宠物粉钻12个月可查时间 自动充值,本地生活--游戏充值--QQ充值
腾讯QQ黄钻贵族47个月直充,本地生活--游戏充值--QQ充值
QQ堂紫钻十一个月QQ堂紫钻11个月QQ堂紫钻★可查时间自动充值,本地生活--游戏充值--QQ充值
腾讯QQ黄钻贵族21个月直充,本地生活--游戏充值--QQ充值
腾讯QQ币408元 408QB 408QQ币408个 408Q币 408个Q币 自动充值,本地生活--游戏充值--QQ充值
腾讯QQ蓝钻 QQ蓝钻十一个月QQ蓝钻 QQ蓝钻11个月QQ蓝钻 可查可续 自动充值,本地生活--游戏充值--QQ充值
腾讯QQ绿钻6个月直充,本地生活--游戏充值--QQ充值
腾讯QQ币172元172QQ币172个qb直充172Q币172个Q币172个QB点卡 自动,本地生活--游戏充值--QQ充值
腾讯QQ币281元 281QB 281QQ币281个 281Q币 281个Q币 自动充值,本地生活--游戏充值--QQ充值
腾讯QQ币360元360QQ币360个qb直充360Q币360个Q币360个QB点卡 自动,本地生活--游戏充值--QQ充值
腾讯QQ币 Q币 QB 7个 直充,本地生活--游戏充值--QQ充值
腾讯QQ堂紫钻20个月直充,本地生活--游戏充值--QQ充值
腾讯QQ币166元166QQ币166个直充166Q币166个Q币166个QQB★自动充值,本地生活--游戏充值--QQ充值
腾讯QQ币29元 29QB 29QQ币29个 29q币 29Q币 29个Q币 自动充值,本地生活--游戏充值--QQ充值
腾讯QQ币180元180QQ币180个直充180Q币180个Q币180个QQB★自动充值,本地生活--游戏充值--QQ充值
腾讯QQ币408元408QQ币408个qb直充408Q币408个Q币408个QB点卡 自动,本地生活--游戏充值--QQ充值
腾讯QQ币40元40QQ币40个qb直充40Q币40个Q币40个QB点卡 自动充值,本地生活--游戏充值--QQ充值
【腾讯印象】腾讯QQ书包生日开学礼物创意礼品QQfamily儿童双肩书包背包男女童幼儿园,运动户外--户外装备--户外工具
腾讯QQ币204元204QQ币204个qb直充204Q币204个Q币204个QB点卡 自动,本地生活--游戏充值--QQ充值
腾讯QQ绿钻6个月/QQ音乐半年卡/QQ绿钻六个月可查时间 自动充值,本地生活--游戏充值--QQ充值
腾讯q币充值60元qq币60qb60q币自动充值,本地生活--游戏充值--QQ充值
【自动充值】QQ堂紫钻贵族九个月QQ堂紫钻QQ堂紫钻9个月 可续费可查时间,本地生活--游戏充值--QQ充值
腾讯QQ币443元 443QB 443QQ币443个 443Q币 443个Q币 自动充值,本地生活--游戏充值--QQ充值
腾讯QQ币384元 384QB 384QQ币384个 384Q币 384个Q币 自动充值,本地生活--游戏充值--QQ充值
QQ飞车紫钻五个月/QQ飞车紫钻5个月/QQ飞车★可查时间 自动充值,本地生活--游戏充值--游戏点卡
腾讯QQ币130元 130QB 130QQ币130个 130Q币 130个Q币 自动充值,本地生活--游戏充值--QQ充值
腾讯QQ币284元 284QB 284QQ币284个 284Q币 284个Q币 自动充值,本地生活--游戏充值--QQ充值
腾讯QQ炫舞紫钻4个月QQ炫舞紫钻四个月QQ炫舞紫钻四个月 自动充值,本地生活--游戏充值--QQ充值
腾讯QQ会员46个月直充,本地生活--游戏充值--QQ充值
腾讯QQ币492元492QQ币自动充值492qb/492个QQB★自动充值,本地生活--游戏充值--QQ充值
腾讯QQ币95元 95QB 95QQ币95个 95Q币 95个Q币 自动充值,本地生活--游戏充值--QQ充值
腾讯QQ红钻包月卡QQ红钻一个月QQ红钻1个月★自动充值,本地生活--游戏充值--QQ充值
腾讯QQ币30元30QQ币30个 Q币30个QB/30QB24小时自动发货腾讯官方在线卡密,本地生活--游戏充值--QQ充值
腾讯QQ币136元136QQ币136个直充136Q币136个Q币136个QQB★自动充值,本地生活--游戏充值--QQ充值
腾讯QQ黄钻 QQ黄钻七个月 QQ黄钻7个月QQ黄钻 七个月QQ黄钻 可查可续 自动充值,本地生活--游戏充值--QQ充值
腾讯QQ会员42个月直充,本地生活--游戏充值--QQ充值
腾讯QQ币398元 398QB 398QQ币398个 398Q币 398个Q币 自动充值,本地生活--游戏充值--QQ充值
腾讯Q点 q点 900点 90元直充,本地生活--游戏充值--QQ充值
腾讯QQ币164元164QQ币164个qb直充164Q币164个Q币164个QB点卡 自动,本地生活--游戏充值--QQ充值
二代QQ闪光跳QQ旋舞跳跳圈qq炫舞跳魔轮活力跳 YT6535-0007 粉红色,厨具锅具--厨房配件--厨房DIY/小工具
腾讯60个Q币60个QB60个QQ币60Q币60QB60QQ币官方自动充值,本地生活--游戏充值--QQ充值
腾讯QQ币325元325QQ币自动充值325qb/325个QQB★自动充值,本地生活--游戏充值--QQ充值
腾讯QQ币167元167QQ币167个直充167Q币167个Q币167个QQB★自动充值,本地生活--游戏充值--QQ充值
腾讯QQ币108元108QQ币108个qb直充108Q币108个Q币108个QB点卡 自动,本地生活--游戏充值--QQ充值
腾讯QQ币147元 147QB 147QQ币147个 147Q币 147个Q币 自动充值,本地生活--游戏充值--QQ充值
腾讯QQ会员包月卡QQ会员二个月QQ会员2个月 自动充值,本地生活--游戏充值--QQ充值
腾讯QQ红钻37个月直充,本地生活--游戏充值--QQ充值
腾讯QQ堂紫钻38个月直充,本地生活--游戏充值--QQ充值
腾讯QQ紫钻贵族 音速紫钻 42个月直充,本地生活--游戏充值--QQ充值
腾讯QQ币147元147QQ币147个直充147Q币147个Q币147个QQB★自动充值,本地生活--游戏充值--QQ充值
腾讯QQ币462元462QQ币自动充值462qb/462个QQB★自动充值,本地生活--游戏充值--QQ充值
腾讯QQ空间黄钻贵族豪华版三个月QQ黄钻贵族豪华版3个月包月卡可查时间可续费★自动充值,本地生活--游戏充值--QQ充值
腾讯QQ黑钻贵族十二个月 地下城勇士黑钻12个月 包月卡可查时间可续费★自动充值,本地生活--游戏充值--QQ充值
【自动充值】腾讯QQVIP超级会员六个月 QQ超级会员6个月★可查时间可续费,本地生活--游戏充值--QQ充值
腾讯Q点 q点 3800点 380元直充,本地生活--游戏充值--QQ充值
腾讯QQ红钻一个月QQ秀贵族1个月包月卡自动充值可查时间可续费,本地生活--游戏充值--QQ充值
【腾讯印象】QQimage创意礼品腾讯企天大圣猴年生肖公仔创意毛绒玩具 25CM猴年,母婴用品/玩具乐器--毛绒布艺--毛绒/布艺
腾讯QQ币471元 471QB 471QQ币471个 471Q币 471个Q币 自动充值,本地生活--游戏充值--QQ充值
腾讯QQ紫钻贵族 飞车紫钻48个月直充,本地生活--游戏充值--QQ充值
腾讯QQ炫舞紫钻13个月直充,本地生活--游戏充值--QQ充值
腾讯QQ红钻26个月直充,本地生活--游戏充值--QQ充值
腾讯QQ紫钻贵族 音速紫钻 20个月直充,本地生活--游戏充值--QQ充值
腾讯900QQ币900q币900Q币/QQ币/QB/qq币/900个Q币★自动充值,本地生活--游戏充值--QQ充值
腾讯QQ币387元 387QB 387QQ币387个 387Q币 387个Q币 自动充值,本地生活--游戏充值--QQ充值
腾讯QQ炫舞紫钻6个月QQ炫舞紫钻六个月QQ炫舞紫钻六个月 自动充值,本地生活--游戏充值--QQ充值
腾讯DNF黑钻270天/地下城与勇士DNF黑钻包月卡9个月/QQ黑砖九个月 自动充值,本地生活--游戏充值--QQ充值
腾讯QQ币18元18QQ币18个直充18Q币18个Q币18个QB/18QQB★自动充值,本地生活--游戏充值--QQ充值
【自动充值】QQ堂紫钻贵族二个月QQ堂紫钻QQ堂紫钻2个月 可续费可查时间,本地生活--游戏充值--QQ充值
腾讯QQ币436元 436QB 436QQ币436个 436Q币 436个Q币 自动充值,本地生活--游戏充值--QQ充值
腾讯QQ币390元390QQ币390个qb直充390Q币390个Q币390个QB点卡 自动,本地生活--游戏充值--QQ充值
腾讯QQ蓝钻贵族47个月直充,本地生活--游戏充值--QQ充值
腾讯DNF黑钻 地下城与勇士黑钻2个月 QQ黑钻两个月 DNF黑钻二个月 自动充值,本地生活--游戏充值--QQ充值
腾讯QQ蓝钻 QQ蓝钻四个月 QQ蓝钻4个月QQ蓝钻 四个月QQ蓝钻 可查可续 自动充值,本地生活--游戏充值--QQ充值
腾讯QQ会员 QQ会员三个月QQ会员3个月 3个月QQ会员 可查可续 自动充值,本地生活--游戏充值--QQ充值
腾讯QQ会员17个月直充,本地生活--游戏充值--QQ充值
腾讯QQ会员 QQ会员六个月QQ会员6个月 6个月QQ会员 可查可续 自动充值,本地生活--游戏充值--QQ充值
腾讯QQ币464元 464QB 464QQ币464个 464Q币 464个Q币 自动充值,本地生活--游戏充值--QQ充值
腾讯QQ红钻包年卡QQ红钻十二个月QQ红钻12个月 自动充值,本地生活--游戏充值--QQ充值
腾讯QQ物联高清无线WIFI网络智能插卡摄像机 免装APP 腾讯 标配加8G 3.6MM,电脑/办公--网络设备--路由器
腾讯Q点 q点 160点 16元直充,本地生活--游戏充值--QQ充值
腾讯QQ币435元 435QB 435QQ币435个 435Q币 435个Q币 自动充值,本地生活--游戏充值--QQ充值
腾讯QQ币218元 218QB 218QQ币218个 218Q币 218个Q币 自动充值,本地生活--游戏充值--QQ充值
腾讯QQ币270元 270QB 270QQ币270个 270Q币 270个Q币 自动充值,本地生活--游戏充值--QQ充值
腾讯QQ会员包季卡QQ会员三个月 QQ会员3个月1季 自动充值,本地生活--游戏充值--QQ充值
腾讯QQ紫钻贵族 飞车紫钻 6个月直充,本地生活--游戏充值--QQ充值
腾讯QQ币311元311QQ币自动充值311qb/311个QQB★自动充值,本地生活--游戏充值--QQ充值
腾讯QQ币13元13QQ币13个qb直充13Q币13个Q币13个QB点卡 自动充值,本地生活--游戏充值--QQ充值
腾讯QQ币394元394QQ币自动充值394qb/394个QQB★自动充值,本地生活--游戏充值--QQ充值
腾讯QQ币371元371QQ币自动充值371qb/371个QQB★自动充值,本地生活--游戏充值--QQ充值
爱宝（Aibao）M-5300 电子收款机 金色 M-5300USB接口+会员功能,运动户外--垂钓用品--钓鱼配件
腾讯QQ红钻QQ秀贵族1个月包月 可查时间 可续费 自动充值,本地生活--游戏充值--QQ充值
腾讯QQ币477元 477QB 477QQ币477个 477Q币 477个Q币 自动充值,本地生活--游戏充值--QQ充值
腾讯QQ币368元368QQ币自动充值368qb/368个QQB★自动充值,本地生活--游戏充值--QQ充值
腾讯QQ币80元 80QB 80QQ币80个 80Q币 80个Q币 自动充值,本地生活--游戏充值--QQ充值
腾讯QQ币3元 3QB 3QQ币3个 3q币 3Q币 3个Q币 自动充值,本地生活--游戏充值--QQ充值
腾讯QQ币386元386QQ币386个qb直充386Q币386个Q币386个QB点卡 自动,本地生活--游戏充值--QQ充值
腾讯QQ币162元162QQ币162个qb直充162Q币162个Q币162个QB点卡 自动,本地生活--游戏充值--QQ充值
腾讯QQ币446元446QQ币自动充值446qb/446个QQB★自动充值,本地生活--游戏充值--QQ充值
腾讯QQ币190元190QQ币190个直充190Q币190个Q币190个QQB★自动充值,本地生活--游戏充值--QQ充值
腾讯QQ币352元352QQ币自动充值352qb/352个QQB★自动充值,本地生活--游戏充值--QQ充值
腾讯QQ情侣红钻6个月直充,本地生活--游戏充值--QQ充值
腾讯Q点 q点 800点 80元直充,本地生活--游戏充值--QQ充值
久爱久婚庆【玫瑰花开】古典雅致礼服（QB0415玫红),珠宝饰品--时尚饰品--项链
腾讯QQ黑钻5个月包月官方自动充值可查时间可续费,本地生活--游戏充值--QQ充值
腾讯QQ会员年费卡 QQ会员个月QQ会员十二个月 12个月QQ会员 可查可续 自动充值,本地生活--游戏充值--QQ充值
腾讯QQ粉钻贵族49个月直充,本地生活--游戏充值--QQ充值
【自动充值】腾讯QQVIP超级会员八个月 QQ超级会员8个月★可查时间可续费,本地生活--游戏充值--QQ充值
腾讯DNF黑钻 地下城与勇士黑钻9个月 QQ黑钻九个月 DNF黑钻9个月 自动充值,本地生活--游戏充值--QQ充值
腾讯QQ红钻六个月QQ秀贵族6个月半年卡自动充值可查时间可续费,本地生活--游戏充值--QQ充值
腾讯QQ币47元47QQ币47个直充47Q币47个Q币47个QB/47QQB★自动充值,本地生活--游戏充值--QQ充值
腾讯QQ粉钻贵族41个月直充,本地生活--游戏充值--QQ充值
腾讯QQ会员 QQ会员二个月QQ会员两个月 QQ会员2个月 可查可续 自动充值,本地生活--游戏充值--QQ充值
腾讯QQ币58元58QQ币58个直充58Q币58个Q币58个QB/58QQB★自动充值,本地生活--游戏充值--QQ充值
腾讯QQ黄钻豪华版25个月直充,本地生活--游戏充值--QQ充值
腾讯QQ会员35个月直充,本地生活--游戏充值--QQ充值
腾讯QQ蓝钻年费卡 QQ蓝钻一年QQ蓝钻12个月 12个月年费蓝钻 可查可续 自动充值,本地生活--游戏充值--QQ充值
腾讯QQ币196元 196QB 196QQ币196个 196Q币 196个Q币 自动充值,本地生活--游戏充值--QQ充值
腾讯QQ红钻34个月直充,本地生活--游戏充值--QQ充值
腾讯QQ币322元 322QB 322QQ币322个 322Q币 322个Q币 自动充值,本地生活--游戏充值--QQ充值
【腾讯印象】腾讯QQ密保安全 腾讯QQ令牌游戏密保卡水晶版水滴版设备锁DNF 水晶蓝,本地生活--游戏充值--QQ充值
腾讯QQ币182元182QQ币182个qb直充182Q币182个Q币182个QB点卡 自动,本地生活--游戏充值--QQ充值
腾讯QQ币262元262QQ币262个qb直充262Q币262个Q币262个QB点卡 自动,本地生活--游戏充值--QQ充值
腾讯QQ币85元 85QB 85QQ币85个 85Q币 85个Q币 自动充值,本地生活--游戏充值--QQ充值
腾讯QQ堂紫钻18个月直充,本地生活--游戏充值--QQ充值
腾讯QQ币100元100QQ币100个直充100Q币100个QB/100QQB★自动充值,本地生活--游戏充值--QQ充值
腾讯QQ币410元410QQ币410个qb直充410Q币410个Q币410个QB点卡 自动,本地生活--游戏充值--QQ充值
腾讯QQ币461元461QQ币自动充值461qb/461个QQB★自动充值,本地生活--游戏充值--QQ充值
腾讯QQ红钻 QQ红钻八个月 QQ红钻8个月QQ红钻 八个月QQ红钻 可查可续 自动充值,本地生活--游戏充值--QQ充值
腾讯QQ蓝钻豪华版/QQ蓝钻豪华版11个月/QQ蓝钻豪华版 自动充值,本地生活--游戏充值--QQ充值
腾讯QQ游戏贵族QQ蓝钻豪华版二个月QQ蓝钻贵族豪华版2个月可查时间可续费★自动充值,本地生活--游戏充值--QQ充值
腾讯QQ游戏蓝钻贵族三个月QQ蓝钻3个月包月卡可查时间可续费★自动充值,本地生活--游戏充值--QQ充值
腾讯QQ游戏蓝钻贵族二个月QQ蓝钻2个月包月卡可查时间可续费★自动充值,本地生活--游戏充值--QQ充值
腾讯QQ币60元 60QB 60QQ币60个 60q币 60Q币 60个Q币 自动充值,本地生活--游戏充值--QQ充值
腾讯QQ币82元 82QB 82QQ币82个 82Q币 82个Q币 自动充值,本地生活--游戏充值--QQ充值
腾讯QQ粉钻贵族20个月直充,本地生活--游戏充值--QQ充值
腾讯QQ黄钻贵族9个月直充,本地生活--游戏充值--QQ充值
腾讯QQ蓝钻贵族7个月直充,本地生活--游戏充值--QQ充值
腾讯QQ紫钻贵族 音速紫钻 15个月直充,本地生活--游戏充值--QQ充值
腾讯Q点 q点 20点 2元直充,本地生活--游戏充值--QQ充值
可升级2016MAC 微软原装正版office 365个人版续费 开发票请拍实物寄送 1PC或MAC 1年订阅或续费 在线发秘钥留邮箱,食品/饮料/酒水--茗茶--绿茶
腾讯Q点 q点 40点 4元直充,本地生活--游戏充值--QQ充值
QQ音乐绿钻豪华版十二个月 豪华绿钻绿钻豪华版12个月 自动充值,本地生活--游戏充值--游戏点卡
腾讯QQ币76元76QQ币76个直充76Q币76个Q币76个QB/76QQB★自动充值,本地生活--游戏充值--QQ充值
腾讯QQ会员27个月直充,本地生活--游戏充值--QQ充值
腾讯QQ币108元108QQ币108个直充108Q币108个Q币108个QQB★自动充值,本地生活--游戏充值--QQ充值
腾讯QQ黄钻豪华版10个月 QQ豪华版黄钻十个月 黄钻豪华版 自动充值,本地生活--游戏充值--QQ充值
腾讯QQ币230元 230QB 230QQ币230个 230Q币 230个Q币 自动充值,本地生活--游戏充值--QQ充值
腾讯QQ堂紫钻14个月直充,本地生活--游戏充值--QQ充值
腾讯QQ炫舞紫钻19个月直充,本地生活--游戏充值--QQ充值
腾讯QQ币68元68QQ币68个直充68Q币68个Q币68个QB/68QQB★自动充值,本地生活--游戏充值--QQ充值
腾讯QQ情侣红钻17个月直充,本地生活--游戏充值--QQ充值
腾讯QQ币71元 71QB 71QQ币71个 71Q币 71个Q币 自动充值,本地生活--游戏充值--QQ充值
腾讯QQ蓝钻豪华版14个月直充,本地生活--游戏充值--QQ充值
速达软件全局应用续费卡465元/年/站点SaaS应用卡 在线手机短信发卡号密码 不实物发货,手机数码--数码配件--存储卡
腾讯QQ币340元340QQ币340个qb直充340Q币340个Q币340个QB点卡 自动,本地生活--游戏充值--QQ充值
QQ炫舞紫钻11个月QQ炫舞紫钻十一个月可续费可查时间自动充值,本地生活--游戏充值--QQ充值
腾讯QQ币29元29QQ币29个直充29Q币29个Q币29个QB/29QQB★自动充值,本地生活--游戏充值--QQ充值
腾讯QQ会员包月卡QQ会员一个月QQ会员1个月 自动充值,本地生活--游戏充值--QQ充值
腾讯QQ币209元 209QB 209QQ币209个 209Q币 209个Q币 自动充值,本地生活--游戏充值--QQ充值
腾讯QQ蓝钻豪华版27个月直充,本地生活--游戏充值--QQ充值
QQ飞车紫钻一年/飞车紫钻12个月/QQ飞车包年★可查时自动充值,本地生活--游戏充值--游戏点卡
腾讯QQ会员包年，12个月/1年 可续费 可查时间 24小时自动充值,本地生活--游戏充值--QQ充值
腾讯DNF黑钻90天/地下城与勇士DNF黑钻包月卡3个月/QQ黑砖三个月 自动充值,本地生活--游戏充值--QQ充值
腾讯QQ币17元 17QB 17QQ币17个 17q币 17Q币 17个Q币 自动充值,本地生活--游戏充值--QQ充值
腾讯QQ黄钻6个月Q-ZONE黄钻包月 可查时间 可续费 24小时自动充值,本地生活--游戏充值--QQ充值
腾讯QQ绿钻/QQ音乐绿钻1个月包月 可查时间 可续费 24小时自动充值,本地生活--游戏充值--QQ充值
腾讯QQ绿钻贵族 音乐绿钻 24个月直充,本地生活--游戏充值--QQ充值
腾讯QQ粉钻贵族14个月直充,本地生活--游戏充值--QQ充值
腾讯QQ黄钻贵族29个月直充,本地生活--游戏充值--QQ充值
QQ飞车紫钻五个月QQ飞车紫钻包年QQ车紫钻5个月可续费可查时间★自动充值,本地生活--游戏充值--QQ充值
腾讯QQ币247元 247QB 247QQ币247个 247Q币 247个Q币 自动充值,本地生活--游戏充值--QQ充值
腾讯QQ红钻27个月直充,本地生活--游戏充值--QQ充值
腾讯QQ币499元 499QB 499QQ币499个 499Q币 499个Q币 自动充值,本地生活--游戏充值--QQ充值
腾讯QQ会员28个月直充,本地生活--游戏充值--QQ充值
爱宝（Aibao）M-5300 电子收款机 浅蓝色 M-5300USB接口+会员功能,运动户外--垂钓用品--钓鱼配件
英国原装进口 威斯敏斯特十二个月英国切达奶酪200g/袋可做芝士起司奶酪,食品/饮料/酒水--进口食品--饼干蛋糕
腾讯QQ币65元 65QB 65QQ币65个 65Q币 65个Q币 自动充值,本地生活--游戏充值--QQ充值
腾讯QQ物联高清无线WIFI网络智能插卡摄像机 免装APP 腾讯 标配加32G 3.6MM,电脑/办公--网络设备--路由器
腾讯QQ堂紫钻21个月直充,本地生活--游戏充值--QQ充值
腾讯QQ蓝钻豪华版5个月直充,本地生活--游戏充值--QQ充值
腾讯QQ币314元314QQ币314个qb直充314Q币314个Q币314个QB点卡 自动,本地生活--游戏充值--QQ充值
腾讯QQ币200元200QQ币200个qb直充200Q币200Q币200QB点卡 自动充值,本地生活--游戏充值--QQ充值
腾讯q币充值414元qq币414qb414q币自动充值,本地生活--游戏充值--QQ充值
腾讯QQ币154元154QQ币154个qb直充154Q币154个Q币154个QB点卡 自动,本地生活--游戏充值--QQ充值
腾讯QQ币204元 204QB 204QQ币204个 204Q币 204个Q币 自动充值,本地生活--游戏充值--QQ充值
腾讯QQ蓝钻/ QQ超级玩家蓝钻5个月包月 可查时间 可续费 24小时自动充值,本地生活--游戏充值--QQ充值
阿肯诺（Acanu）女款户外连衣运动裙 AAQB82010 水蓝色 L,服饰鞋帽--女装--半身裙
腾讯QQ币113元113QQ币113个直充113Q币113个Q币113个QQB★自动充值,本地生活--游戏充值--QQ充值
腾讯QQ空间黄钻贵族九个月QQ黄钻9个月包月卡可查时间可续费★自动充值,本地生活--游戏充值--QQ充值
珂兰 品酌时光系列 18K金时尚黄钻戒指 繁花乐园R 87分浅彩黄钻-订制,珠宝饰品--钻石--钻戒
腾讯QQ黑钻贵族二个月 地下城勇士黑钻2个月 包月卡可查时间可续费★自动充值,本地生活--游戏充值--QQ充值
腾讯QQ黄钻豪华版2个月直充 自动充值,本地生活--游戏充值--QQ充值
Qlippie Q立派 腾讯QQ出品 穿戴式摄像机 运动DV相机街拍直播分享微型摄像头 防水版,手机数码--数码配件--三脚架/云台
腾讯QQ红钻25个月直充,本地生活--游戏充值--QQ充值
腾讯QQ超级会员 SVIP 25个月直充,本地生活--游戏充值--QQ充值
腾讯QQ币346元 346QB 346QQ币346个 346Q币 346个Q币 自动充值,本地生活--游戏充值--QQ充值
腾讯q币充值23元qq币23qb23q币自动充值,本地生活--游戏充值--QQ充值
腾讯QQ币313元 313QB 313QQ币313个 313Q币 313个Q币 自动充值,本地生活--游戏充值--QQ充值
腾讯QQ币453元453QQ币自动充值453qb/453个QQB★自动充值,本地生活--游戏充值--QQ充值
腾讯QQ币800元800QQ币800个直充800Q币800个QB/800QQB★自动充值,本地生活--游戏充值--QQ充值
腾讯QQ黄钻豪华版16个月直充,本地生活--游戏充值--QQ充值
腾讯QQ币200元200QQ币200个直充200Q币200个QB/200QQB★自动充值,本地生活--游戏充值--QQ充值
腾讯QQ堂紫钻15个月直充,本地生活--游戏充值--QQ充值
腾讯QQ币323元 323QB 323QQ币323个 323Q币 323个Q币 自动充值,本地生活--游戏充值--QQ充值
腾讯QQ币176元176QQ币176个qb直充176Q币176个Q币176个QB点卡 自动,本地生活--游戏充值--QQ充值
QQ炫舞紫钻3个月QQ炫舞紫钻三个月可续费可查时间自动充值,本地生活--游戏充值--QQ充值
腾讯QQ币282元282QQ币282个qb直充282Q币282个Q币282个QB点卡 自动,本地生活--游戏充值--QQ充值
腾讯QQ币364元364QQ币364个qb直充364Q币364个Q币364个QB点卡 自动,本地生活--游戏充值--QQ充值
腾讯QQ币392元392QQ币392个qb直充392Q币392个Q币392个QB点卡 自动,本地生活--游戏充值--QQ充值
腾讯QQ超级会员 SVIP 1个月直充,本地生活--游戏充值--QQ充值
腾讯QQ黄钻豪华版12个月直充,本地生活--游戏充值--QQ充值
腾讯Q点 q点 1100点 110元直充,本地生活--游戏充值--QQ充值
腾讯Q点 q点 2000点 200元直充,本地生活--游戏充值--QQ充值
腾讯Q点 q点 30点 3元直充,本地生活--游戏充值--QQ充值
腾讯QQ币347元347QQ币自动充值347qb/347个QQB★自动充值,本地生活--游戏充值--QQ充值
腾讯QQ紫钻贵族 音速紫钻 39个月直充,本地生活--游戏充值--QQ充值
腾讯QQ币302元 302QB 302QQ币302个 302Q币 302个Q币 自动充值,本地生活--游戏充值--QQ充值
腾讯QQ币420元420QQ币420个qb直充420Q币420个Q币420个QB点卡 自动,本地生活--游戏充值--QQ充值
腾讯15个Q币15个QB15个QQ币15Q币15QB15QQ币官方自动充值,本地生活--游戏充值--游戏点卡
腾讯QQ炫舞紫钻1个月包月官方自动充值可查时间可续费,本地生活--游戏充值--QQ充值
腾讯QQ币36元36QQ币36个qb直充36Q币36个Q币36个QB点卡 自动充值,本地生活--游戏充值--QQ充值
腾讯QQ币618元 618QB 618QQ币618个 618Q币 618个Q币 自动充值,本地生活--游戏充值--QQ充值
QQ语文 作者： 邱先进,图书杂志--传记--军事人物
腾讯QQ超级会员 SVIP 17个月直充,本地生活--游戏充值--QQ充值
腾讯QQ币117元 117QB 117QQ币117个 117Q币 117个Q币 自动充值,本地生活--游戏充值--QQ充值
腾讯QQ币376元376QQ币自动充值376qb/376个QQB★自动充值,本地生活--游戏充值--QQ充值
腾讯QQ绿钻贵族 音乐绿钻 21个月直充,本地生活--游戏充值--QQ充值
腾讯QQ粉钻包年卡QQ粉钻十二个月12个月QQ粉钻一年 自动充值,本地生活--游戏充值--QQ充值
腾讯QQ币403元403QQ币自动充值403qb/403个QQB★自动充值,本地生活--游戏充值--QQ充值
珂兰 品酌时光系列 18K金时尚黄钻戒指 城堡系列R 71分中彩黄钻-订制,珠宝饰品--钻石--钻戒
腾讯QQ币144元144QQ币144个qb直充144Q币144个Q币144个QB点卡 自动,本地生活--游戏充值--QQ充值
腾讯QQ蓝钻 QQ蓝钻八个月 QQ蓝钻8个月QQ蓝钻 八个月QQ蓝钻 可查可续 自动充值,本地生活--游戏充值--QQ充值
腾讯QQ币360元360QQ币自动充值360qb/360个QQB★自动充值,本地生活--游戏充值--QQ充值
腾讯QQ币334元334QQ币334个qb直充334Q币334个Q币334个QB点卡 自动,本地生活--游戏充值--QQ充值
腾讯QQ币98元98QQ币98个qb直充98Q币98个Q币98个QB点卡 自动充值,本地生活--游戏充值--QQ充值
腾讯QQ红钻季卡 QQ红钻三个月QQ红钻3个月 3个月QQ红钻 可查可续 自动充值,本地生活--游戏充值--QQ充值
腾讯QQ会员18个月直充,本地生活--游戏充值--QQ充值
腾讯Q点 q点 1500点 150元直充,本地生活--游戏充值--QQ充值
腾讯Q点 q点 2300点 230元直充,本地生活--游戏充值--QQ充值
腾讯QQ币413元413QQ币自动充值413qb/413个QQB★自动充值,本地生活--游戏充值--QQ充值
腾讯QQ币42元 42QB 42QQ币42个 42q币 42Q币 42个Q币 自动充值,本地生活--游戏充值--QQ充值
腾讯QQ币132元132QQ币132个直充132Q币132个Q币132个QQB★自动充值,本地生活--游戏充值--QQ充值
腾讯QQ币388元388QQ币自动充值388qb/388个QQB★自动充值,本地生活--游戏充值--QQ充值
腾讯QQ币124元124QQ币124个qb直充124Q币124个Q币124个QB点卡 自动,本地生活--游戏充值--QQ充值
腾讯QQ币75元 75QB 75QQ币75个 75Q币 75个Q币 自动充值,本地生活--游戏充值--QQ充值
腾讯QQ币48元 48QB 48QQ币48个 48q币 48Q币 48个Q币 自动充值,本地生活--游戏充值--QQ充值
腾讯QQ会员45个月直充,本地生活--游戏充值--QQ充值
腾讯QQ币66元66QQ币66个qb直充66Q币66个Q币66个QB点卡 自动充值,本地生活--游戏充值--QQ充值
腾讯QQ粉钻贵族46个月直充,本地生活--游戏充值--QQ充值
腾讯QQ币102元 102QB 102QQ币102个 102Q币 102个Q币 自动充值,本地生活--游戏充值--QQ充值
腾讯QQ币140元140QQ币140个qb直充140Q币140个Q币140个QB点卡 自动,本地生活--游戏充值--QQ充值
腾讯QQ币25元 25QB 25QQ币25个 25q币 25Q币 25个Q币 自动充值,本地生活--游戏充值--QQ充值
腾讯QQ币431元 431QB 431QQ币431个 431Q币 431个Q币 自动充值,本地生活--游戏充值--QQ充值
腾讯QQ币456元 456QB 456QQ币456个 456Q币 456个Q币 自动充值,本地生活--游戏充值--QQ充值
腾讯QQ币76元 76QB 76QQ币76个 76Q币 76个Q币 自动充值,本地生活--游戏充值--QQ充值
腾讯QQ黑钻6个月包月官方自动充值可查时间可续费,本地生活--游戏充值--QQ充值
腾讯QQ币387元387QQ币自动充值387qb/387个QQB★自动充值,本地生活--游戏充值--QQ充值
腾讯QQ堂紫钻26个月直充,本地生活--游戏充值--QQ充值
【腾讯印象】QQimage创意礼品腾讯企天大圣猴年生肖公仔创意毛绒玩具 11CM发声猴年,母婴用品/玩具乐器--毛绒布艺--毛绒/布艺
腾讯Q点 q点 400点 40元直充,本地生活--游戏充值--QQ充值
腾讯QQ币469元 469QB 469QQ币469个 469Q币 469个Q币 自动充值,本地生活--游戏充值--QQ充值
腾讯QQ红钻三个月QQ秀红钻3个月包月卡可查时间可续费★自动充值,本地生活--游戏充值--QQ充值
腾讯DNF黑钻300天10个月 QQ地下城与勇士黑砖十个月自动充值,本地生活--游戏充值--QQ充值
腾讯QQ币64元64QQ币64个直充64Q币64个Q币64个QB/64QQB★自动充值,本地生活--游戏充值--QQ充值
腾讯QQ币99元 99QB 99QQ币99个 99Q币 99个Q币 自动充值,本地生活--游戏充值--QQ充值
腾讯QQ币208元208QQ币208个直充208Q币208个Q币208个QQB★自动充值,本地生活--游戏充值--QQ充值
腾讯QQ绿钻贵族 音乐绿钻 31个月直充,本地生活--游戏充值--QQ充值
QQ飞车紫钻三个月/QQ飞车紫钻3个月/QQ飞车季卡★可查时自动充值,本地生活--游戏充值--游戏点卡
腾讯QQ红钻包月卡QQ红钻六个月QQ红钻6个月 自动充值,本地生活--游戏充值--QQ充值
爱宝（Aibao）M-5300 电子收款机 白色 M-5300USB接口+会员功能,运动户外--垂钓用品--钓鱼配件
腾讯QQ币429元 429QB 429QQ币429个 429Q币 429个Q币 自动充值,本地生活--游戏充值--QQ充值
腾讯QQ币85元85QQ币85个直充85Q币85个Q币85个QB/85QQB★自动充值,本地生活--游戏充值--QQ充值
腾讯DNF黑钻270天9个月 QQ地下城与勇士黑砖九个月自动充值,本地生活--游戏充值--QQ充值
腾讯QQ币30元30QQ币30个qb直充30Q币30个Q币30个QB点卡 自动充值,本地生活--游戏充值--QQ充值
腾讯QQ蓝钻贵族4个月直充,本地生活--游戏充值--QQ充值
腾讯QQ币137元137QQ币137个直充137Q币137个Q币137个QQB★自动充值,本地生活--游戏充值--QQ充值
腾讯QQ绿钻1个月音乐绿钻一个月包月卡自动充值可查时间可续费,本地生活--游戏充值--QQ充值
腾讯QQ黄钻贵族26个月直充,本地生活--游戏充值--QQ充值
腾讯QQ蓝钻包年卡QQ蓝钻十二个月QQ蓝钻12个月 自动充值,本地生活--游戏充值--QQ充值
腾讯QQ钻皇/QQ钻皇9个月/qq钻皇九个月/钻皇按月直充可查可续★自动充值,本地生活--游戏充值--QQ充值
腾讯QQ币94元 94QB 94QQ币94个 94Q币 94个Q币 自动充值,本地生活--游戏充值--QQ充值
腾讯QQ币45元45QQ币45个直充45Q币45个Q币45个QB/45QQB★自动充值,本地生活--游戏充值--QQ充值
QQ炫舞紫钻二个月QQ炫舞紫钻年QQ炫舞紫钻2个月可续费可查时间★自动充值,本地生活--游戏充值--QQ充值
腾讯QQ黄钻 QQ黄钻五个月 QQ黄钻5个月QQ黄钻 五个月QQ黄钻 可查可续 自动充值,本地生活--游戏充值--QQ充值
腾讯QQ音乐绿钻贵族八个月 QQ空间音乐绿钻8个月 包月卡可查时间可续费★自动充值,本地生活--游戏充值--QQ充值
腾讯QQ紫钻贵族 音速紫钻2个月直充,本地生活--游戏充值--QQ充值
腾讯QQ币3元3QQ币3个直充3Q币3个Q币3个QB/3QQB★自动充值,本地生活--游戏充值--QQ充值
腾讯QQ币459元 459QB 459QQ币459个 459Q币 459个Q币 自动充值,本地生活--游戏充值--QQ充值
腾讯QQ黄钻贵族22个月直充,本地生活--游戏充值--QQ充值
腾讯QQ绿钻 QQ绿钻五个月 QQ绿钻5个月QQ绿钻 五个月QQ绿钻 可查可续 自动充值,本地生活--游戏充值--QQ充值
腾讯QQ币184元 184QB 184QQ币184个 184Q币 184个Q币 自动充值,本地生活--游戏充值--QQ充值
腾讯QQ红钻QQ秀贵族5个月包月 可查时间 可续费 24小时自动充值,本地生活--游戏充值--QQ充值
腾讯QQ蓝钻豪华版/QQ蓝钻豪华版7个月/QQ蓝钻豪华版 自动充值,本地生活--游戏充值--QQ充值
腾讯QQ粉钻贵族22个月直充,本地生活--游戏充值--QQ充值
速达软件G系列和速达V系列续费年卡速达软件全局应用续费卡R1、R3 速达远程用户卡 3年卡,医药保健--营养成分--玛咖
【腾讯印象】QQimage儿童生日礼物创意礼品腾讯QQfamily零钱包 北极熊企鹅卡包 Dov,本地生活--游戏充值--QQ充值
腾讯印象image十二星座 动漫鼠标垫插画风游戏QQ鼠标垫电脑办公键盘桌垫双鱼射手白羊座 射手座,电脑/办公--外设产品--U盘
腾讯QQ红钻八个月QQ秀红钻8个月包月卡可查时间可续费★自动充值,本地生活--游戏充值--QQ充值
腾讯QQ红钻10个月 QQ红钻十个月QQ红钻 QQ红钻10个月QQ红钻 可查可续 自动充值,本地生活--游戏充值--QQ充值
腾讯QQ币216元 216QB 216QQ币216个 216Q币 216个Q币 自动充值,本地生活--游戏充值--QQ充值
腾讯q币充值120元qq币120qb120q币自动充值,本地生活--游戏充值--QQ充值
腾讯QQ币114元114QQ币114个qb直充114Q币114个Q币114个QB点卡 自动,本地生活--游戏充值--QQ充值
腾讯QQ紫钻贵族 音速紫钻6个月直充,本地生活--游戏充值--QQ充值
腾讯QQ币180元180Q币180个qb直充180Q币180Q币180个QB点卡 自动充值,本地生活--游戏充值--QQ充值
腾讯q币充值82元qq币82qb82q币自动充值,本地生活--游戏充值--QQ充值
腾讯QQ币53元 53QB 53QQ币53个 53Q币 53个Q币 自动充值,本地生活--游戏充值--QQ充值
QQ飞车紫钻十个月/QQ飞车紫钻10个月/QQ飞车★可查时间 自动充值,本地生活--游戏充值--游戏点卡
腾讯QQ蓝钻贵族 12个月直充,本地生活--游戏充值--QQ充值
腾讯QQ币452元452QQ币自动充值452qb/452个QQB★自动充值,本地生活--游戏充值--QQ充值
腾讯QQ币90元 90QB 90QQ币90个 90Q币 90个Q币 自动充值,本地生活--游戏充值--QQ充值
腾讯QQ绿钻贵族 音乐绿钻 47个月直充,本地生活--游戏充值--QQ充值
腾讯QQ币423元423QQ币自动充值423qb/423个QQB★自动充值,本地生活--游戏充值--QQ充值
腾讯QQ币372元372QQ币372个qb直充372Q币372个Q币372个QB点卡 自动,本地生活--游戏充值--QQ充值
腾讯QQ币132元132QQ币132个qb直充132Q币132个Q币132个QB点卡 自动,本地生活--游戏充值--QQ充值
腾讯q币充值2元qq币2qb2q币自动充值,本地生活--游戏充值--QQ充值
腾讯QQ币84元84QQ币84个qb直充84Q币84个Q币84个QB点卡 自动充值,本地生活--游戏充值--QQ充值
腾讯QQ黄钻豪华版14个月直充,本地生活--游戏充值--QQ充值
腾讯QQ币252元252QQ币252个qb直充252Q币252个Q币252个QB点卡 自动,本地生活--游戏充值--QQ充值
腾讯Q点 q点 1800点 180元直充,音乐影视--HIFI发烧碟--HiFi试音
腾讯QQ红钻14个月直充,本地生活--游戏充值--QQ充值
腾讯QQ币12元12QQ币12个qb直充12Q币12个Q币12个QB点卡 自动充值,本地生活--游戏充值--QQ充值
腾讯QQ币13元 13QB 13QQ币13个 13q币 13Q币 13个Q币 自动充值,本地生活--游戏充值--QQ充值
腾讯QQ币22元 22QB 22QQ币22个 22q币 22Q币 22个Q币 自动充值,本地生活--游戏充值--QQ充值
腾讯QQ币410元410QQ币自动充值410qb/410个QQB★自动充值,本地生活--游戏充值--QQ充值
腾讯QQ币389元389QQ币自动充值389qb/389个QQB★自动充值,本地生活--游戏充值--QQ充值
腾讯QQ币475元475QQ币自动充值475qb/475个QQB★自动充值,本地生活--游戏充值--QQ充值
腾讯QQ红钻12个月直充,本地生活--游戏充值--QQ充值
腾讯QQ音乐绿钻贵族四个月 QQ空间音乐绿钻4个月 包月卡可查时间可续费★自动充值,本地生活--游戏充值--QQ充值
腾讯QQ黄钻贵族27个月直充,本地生活--游戏充值--QQ充值
腾讯QQ红钻贵族10个月直充,本地生活--游戏充值--QQ充值
腾讯QQ黄钻贵族5个月直充,本地生活--游戏充值--QQ充值
腾讯QQ红钻15个月直充,本地生活--游戏充值--QQ充值
腾讯QQ币103元 103QB 103QQ币103个 103Q币 103个Q币 自动充值,本地生活--游戏充值--QQ充值
腾讯QQ红钻包月卡QQ红钻三个月QQ红钻3个月 自动充值,本地生活--游戏充值--QQ充值
腾讯QQ黄钻豪华版2个月 QQ豪华版黄钻2个月 黄钻豪华版 自动充,本地生活--游戏充值--QQ充值
腾讯QQ黄钻十个月QQ黄钻10个月包月卡官方自动充值可查时间可续费,本地生活--游戏充值--QQ充值
腾讯QQ会员包月卡QQ会员五个月QQ会员5个月 自动充值,本地生活--游戏充值--QQ充值
腾讯QQ会员包月卡 QQ会员一个月QQ会员1个月 1个月QQ会员 可查可续 自动充值,本地生活--游戏充值--QQ充值
腾讯QQ币432元432QQ币自动充值432qb/432个QQB★自动充值,本地生活--游戏充值--QQ充值
腾讯imageQQ企鹅京剧交通卡套创意卡通巴士便携式门禁卡银行卡套 京剧卡套 青衣小生 小生,音乐影视--相声/戏曲/曲艺--戏曲
腾讯QQ粉钻贵族28个月直充,本地生活--游戏充值--QQ充值
腾讯QQ币382元382QQ币自动充值382qb/382个QQB★自动充值,本地生活--游戏充值--QQ充值
腾讯Q点 q点 5000点 500元直充,本地生活--游戏充值--QQ充值
腾讯QQ粉钻贵族43个月直充,本地生活--游戏充值--QQ充值
腾讯QQ币401元 401QB 401QQ币401个 401Q币 401个Q币 自动充值,本地生活--游戏充值--QQ充值
腾讯QQ币107元107QQ币107个直充Q币107个Q币107个QQB★自动充值,本地生活--游戏充值--QQ充值
腾讯QQ币435元435QQ币自动充值435qb/435个QQB★自动充值,本地生活--游戏充值--QQ充值
【腾讯印象】QQimage腾讯企鹅抱枕礼物创意礼品办公室靠垫午休趴睡枕新版创意礼品情侣抱枕 Q妹,母婴用品/玩具乐器--毛绒布艺--毛绒/布艺
腾讯QQ超级会员 SVIP 7个月直充,本地生活--游戏充值--QQ充值
腾讯QQ币389元 389QB 389QQ币389个 389Q币 389个Q币 自动充值,本地生活--游戏充值--QQ充值
腾讯QQ粉钻贵族4个月直充,本地生活--游戏充值--QQ充值
腾讯QQ币109元109QQ币109个直充109Q币109个Q币109个QQB★自动充值,本地生活--游戏充值--QQ充值
腾讯QQ黄钻豪华版9个月直充,本地生活--游戏充值--QQ充值
腾讯QQ游戏蓝钻贵族十二个月QQ蓝钻12个月包月卡可查时间可续费★自动充值,本地生活--游戏充值--QQ充值
腾讯QQ币250元250Q币250个qb直充250Q币250个Q币250QB点卡 自动充值,本地生活--游戏充值--QQ充值
腾讯QQ币94元94QQ币94个qb直充94Q币94个Q币94个QB点卡 自动充值,本地生活--游戏充值--QQ充值
腾讯QQ绿钻贵族 音乐绿钻 12个月直充,本地生活--游戏充值--QQ充值
腾讯QQ币350元 350QB 350QQ币350个 350Q币 350个Q币 自动充值,本地生活--游戏充值--QQ充值
腾讯DNF黑钻包年卡 地下城与勇士黑钻12个月 QQ黑钻年费DNF黑钻一年年费 自动充值,本地生活--游戏充值--QQ充值
腾讯QQ币373元 373QB 373QQ币373个 373Q币 373个Q币 自动充值,本地生活--游戏充值--QQ充值
腾讯QQ币7元7QQ币7个qb直充7Q币7个Q币7个QB点卡 自动充值,本地生活--游戏充值--QQ充值
腾讯QQ超级会员6个月超级会员六个月半年 QQSVIP6个月可查可续 24小时自动充值,本地生活--游戏充值--QQ充值
腾讯QQ币406元406QQ币自动充值406qb/406个QQB★自动充值,本地生活--游戏充值--QQ充值
QQ粉钻八个月QQ粉钻8个月/QQ宠物粉钻8个月可查时间 自动充值,本地生活--游戏充值--QQ充值
腾讯QQ币242元242QQ币242个qb直充242Q币242个Q币242个QB点卡 自动,本地生活--游戏充值--QQ充值
腾讯QQ币338元 338QB 338QQ币338个 338Q币 338个Q币 自动充值,本地生活--游戏充值--QQ充值
腾讯QQ币96元 96QB 96QQ币96个 96Q币 96个Q币 自动充值,本地生活--游戏充值--QQ充值
腾讯QQ币135元 135QB 135QQ币135个 135Q币 135个Q币 自动充值,本地生活--游戏充值--QQ充值
腾讯QQ币486元486QQ币自动充值486qb/486个QQB★自动充值,本地生活--游戏充值--QQ充值
腾讯QQ红钻31个月直充,本地生活--游戏充值--QQ充值
腾讯QQ币343元343QQ币自动充值343qb/343个QQB★自动充值,本地生活--游戏充值--QQ充值
腾讯QQ币419元 419QB 419QQ币419个 419Q币 419个Q币 自动充值,本地生活--游戏充值--QQ充值
腾讯QQ币185元 185QB 185QQ币185个 185Q币 185个Q币 自动充值,本地生活--游戏充值--QQ充值
腾讯QQ绿钻贵族 音乐绿钻 45个月直充,本地生活--游戏充值--QQ充值
腾讯QQ币104元 104QB 104QQ币104个 104Q币 104个Q币 自动充值,本地生活--游戏充值--QQ充值
腾讯Q点 q点 450点 45元直充,本地生活--游戏充值--QQ充值
腾讯QQ蓝钻贵族49个月直充,本地生活--游戏充值--QQ充值
腾讯QQ币32元32QQ币32个直充32Q币32个Q币32个QB/32QQB★自动充值,本地生活--游戏充值--QQ充值
腾讯QQ粉钻贵族36个月直充,本地生活--游戏充值--QQ充值
腾讯QQ超级会员8个月 超级会员QQSVIP八个月 可查可续 自动充值,本地生活--游戏充值--QQ充值
二代QQ闪光跳QQ旋舞跳跳圈qq炫舞跳魔轮活力跳 YT6535-0007 黄色,厨具锅具--厨房配件--厨房DIY/小工具
腾讯QQ粉钻贵族42个月直充,本地生活--游戏充值--QQ充值
腾讯QQ币414元 414QB 414QQ币414个 414Q币 414个Q币 自动充值,本地生活--游戏充值--QQ充值
腾讯QQ币500元500QQ币500个直充500Q币500个QB/500QQB★自动充值,本地生活--游戏充值--QQ充值
腾讯QQ蓝钻/ QQ超级玩家蓝钻3个月包月 可查时间 可续费 24小时自动充值,本地生活--游戏充值--QQ充值
腾讯QQ粉钻贵族16个月直充,本地生活--游戏充值--QQ充值
腾讯QQ币454元454QQ币自动充值454qb/454个QQB★自动充值,本地生活--游戏充值--QQ充值
腾讯QQ币376元376QQ币376个qb直充376Q币376个Q币376个QB点卡 自动,本地生活--游戏充值--QQ充值
腾讯QQ会员47个月直充,本地生活--游戏充值--QQ充值
腾讯QQ黄钻贵族11个月直充,本地生活--游戏充值--QQ充值
【自动充值】QQ堂紫钻贵族七个月QQ堂紫钻QQ堂紫钻7个月 可续费可查时间,本地生活--游戏充值--QQ充值
腾讯QQ超级会员6个月 超级会员六个月包月 svip六个月卡 自动充值,本地生活--游戏充值--QQ充值
腾讯QQ币352元352QQ币352个qb直充352Q币352个Q币352个QB点卡 自动,本地生活--游戏充值--QQ充值
腾讯印象 潮流时尚QQ铆钉双肩背包 QQ零钱包流行便携小包 QQ零钱包,钟表礼品--钟表--欧美表
腾讯QQ币338元338QQ币338个qb直充338Q币338个Q币338个QB点卡 自动,本地生活--游戏充值--QQ充值
腾讯QQ绿钻12个月/QQ音乐包年卡年费/QQ绿钻十二个月可查时间 自动充值,本地生活--游戏充值--QQ充值
腾讯QQ红钻贵族18个月直充,本地生活--游戏充值--QQ充值
腾讯QQ币152元152QQ币152个qb直充152Q币152个Q币152个QB点卡 自动,本地生活--游戏充值--QQ充值
腾讯QQ币233元 233QB 233QQ币233个 233Q币 233个Q币 自动充值,本地生活--游戏充值--QQ充值
腾讯QQ超级会员 SVIP 12个月直充,本地生活--游戏充值--QQ充值
腾讯QQ紫钻贵族 飞车紫钻 18个月直充,本地生活--游戏充值--QQ充值
腾讯QQ币365元365QQ币自动充值365qb/365个QQB★自动充值,本地生活--游戏充值--QQ充值
腾讯QQ币80元80QQ币80个直充80Q币80个Q币80个QB/80QQB★自动充值,本地生活--游戏充值--QQ充值
腾讯QQ音乐绿钻贵族九个月 QQ空间音乐绿钻9个月 包月卡可查时间可续费★自动充值,本地生活--游戏充值--QQ充值
腾讯QQ币316元316QQ币自动充值316qb/316个QQB★自动充值,本地生活--游戏充值--QQ充值
腾讯QQ黄钻豪华版4个月 QQ豪华版黄钻4个月 黄钻豪华版 自动充值,本地生活--游戏充值--QQ充值
腾讯QQ币14元14QQ币14个qb直充14Q币14个Q币14个QB点卡 自动充值,本地生活--游戏充值--QQ充值
腾讯QQ会员49个月直充,本地生活--游戏充值--QQ充值
【腾讯印象】QQimage腾讯企鹅抱枕礼物创意礼品办公室靠垫午休趴睡枕新版创意礼品情侣抱枕 Q哥,母婴用品/玩具乐器--毛绒布艺--毛绒/布艺
腾讯QQ币7元7QQ币7个直充7Q币7个Q币7个QB/7QQB★自动充值,本地生活--游戏充值--QQ充值
腾讯QQ黄钻贵族40个月直充,本地生活--游戏充值--QQ充值
腾讯QQ钻皇/QQ钻皇7个月/qq钻皇七个月/钻皇 可查可续★自动充值,本地生活--游戏充值--QQ充值
腾讯QQ币37元37QQ币37个直充37Q币37个Q币37个QB/37QQB★自动充值,本地生活--游戏充值--QQ充值
腾讯QQ币138元138QQ币138个qb直充138Q币138个Q币138个QB点卡 自动,本地生活--游戏充值--QQ充值
腾讯QQ超级会员 SVIP 6个月直充,本地生活--游戏充值--QQ充值
腾讯QQ币488元 488QB 488QQ币488个 488Q币 488个Q币 自动充值,本地生活--游戏充值--QQ充值
腾讯Q点 q点 240点 24元直充,本地生活--游戏充值--QQ充值
腾讯QQ币393元 393QB 393QQ币393个 393Q币 393个Q币 自动充值,本地生活--游戏充值--QQ充值
腾讯QQ蓝钻贵族36个月直充,本地生活--游戏充值--QQ充值
腾讯QQ币318元 318QB 318QQ币318个 318Q币 318个Q币 自动充值,本地生活--游戏充值--QQ充值
腾讯QQ币127元 127QB 127QQ币127个 127Q币 127个Q币 自动充值,本地生活--游戏充值--QQ充值
腾讯QQ堂紫钻11个月直充,本地生活--游戏充值--QQ充值
腾讯QQ币378元378QQ币自动充值378qb/378个QQB★自动充值,本地生活--游戏充值--QQ充值
腾讯QQ币22元22QQ币22个qb直充22Q币22个Q币22个QB点卡 自动充值,本地生活--游戏充值--QQ充值
腾讯QQ超级会员1个月 超级会员一个月包月 svip一个月卡 自动充值,本地生活--游戏充值--QQ充值
腾讯QQ币78元78QQ币78个直充78Q币78个Q币78个QB/78QQB★自动充值,本地生活--游戏充值--QQ充值
腾讯QQ币495元495QQ币自动充值495qb/495个QQB★自动充值,本地生活--游戏充值--QQ充值
QQ炫舞紫钻九个月QQ炫舞紫钻年QQ炫舞紫钻9个月可续费可查时间★自动充值,本地生活--游戏充值--QQ充值
腾讯QQ币332元332QQ币自动充值332qb/332个QQB★自动充值,本地生活--游戏充值--QQ充值
腾讯QQ币40元 40QB 40QQ币40个 40q币 40Q币 40个Q币 自动充值,本地生活--游戏充值--QQ充值
腾讯QQ绿钻6个月音乐绿钻六个月半年卡自动充值可查时间可续费,本地生活--游戏充值--QQ充值
腾讯QQ币89元89QQ币89个直充89Q币89个Q币89个QB/89QQB★自动充值,本地生活--游戏充值--QQ充值
腾讯QQ币215元 215QB 215QQ币215个 215Q币 215个Q币 自动充值,本地生活--游戏充值--QQ充值
腾讯QQ币395元 395QB 395QQ币395个 395Q币 395个Q币 自动充值,本地生活--游戏充值--QQ充值
腾讯QQ币398元398QQ币398个qb直充398Q币398个Q币398个QB点卡 自动,本地生活--游戏充值--QQ充值
腾讯QQ币450元 450QB 450QQ币450个 450Q币 450个Q币 自动充值,本地生活--游戏充值--QQ充值
腾讯QQ币81元 81QB 81QQ币81个 81Q币 81个Q币 自动充值,本地生活--游戏充值--QQ充值
腾讯QQ红钻 QQ红钻九个月 QQ红钻9个月QQ红钻 九个月QQ红钻 可查可续 自动充值,本地生活--游戏充值--QQ充值
腾讯QQ红钻包月卡QQ红钻一个月QQ红钻1个月 自动充值,本地生活--游戏充值--QQ充值
腾讯QQ黄钻贵族42个月直充,本地生活--游戏充值--QQ充值
腾讯QQ红钻五个月QQ秀红钻5个月包月卡可查时间可续费★自动充值,本地生活--游戏充值--QQ充值
腾讯QQ币34元34QQ币34个直充34Q币34个Q币34个QB/34QQB★自动充值,本地生活--游戏充值--QQ充值
腾讯QQ空间黄钻贵族豪华版四个月QQ黄钻贵族豪华版4个月包月卡可查时间可续费★自动充值,本地生活--游戏充值--QQ充值
【腾讯印象】腾讯QQ公仔生日礼物创意礼品腾讯企鹅毛绒公仔玩具儿童创意礼品 16厘米Q妹,钟表礼品--礼品--创意礼品
腾讯QQ币260元260QQ币260个直充260Q币260个Q币260个QQB★自动充值,本地生活--游戏充值--QQ充值
腾讯QQ币143元 143QB 143QQ币143个 143Q币 143个Q币 自动充值,本地生活--游戏充值--QQ充值
腾讯QQ币32元 32QB 32QQ币32个 32q币 32Q币 32个Q币 自动充值,本地生活--游戏充值--QQ充值
腾讯QQ币367元 367QB 367QQ币367个 367Q币 367个Q币 自动充值,本地生活--游戏充值--QQ充值
腾讯QQ会员 QQ会员七个月 QQ会员7个月QQ会员 七个月QQ会员 可查可续 自动充值,本地生活--游戏充值--QQ充值
腾讯QQ会员10个月 QQ会员十个月QQ会员 QQ会员10个月QQ会员 可查可续 自动充值,本地生活--游戏充值--QQ充值
腾讯QQ粉钻贵族50个月直充,本地生活--游戏充值--QQ充值
腾讯QQ会员22个月直充,本地生活--游戏充值--QQ充值
腾讯QQ蓝钻豪华版30个月直充,本地生活--游戏充值--QQ充值
腾讯QQ币170元170QQ币170个直充170Q币170个Q币170个QQB★自动充值,本地生活--游戏充值--QQ充值
腾讯Q点 q点 4700点 470元直充,本地生活--游戏充值--QQ充值
腾讯QQ币470元 470QB 470QQ币470个 470Q币 470个Q币 自动充值,本地生活--游戏充值--QQ充值
【自动充值】QQ堂紫钻贵族六个月QQ堂紫钻QQ堂紫钻6个月 可续费可查时间,本地生活--游戏充值--QQ充值
腾讯QQ币54元 54QB 54QQ币54个 54Q币 54个Q币 自动充值,本地生活--游戏充值--QQ充值
腾讯QQ绿钻贵族 音乐绿钻 7个月直充,本地生活--游戏充值--QQ充值
腾讯QQ币212元 212QB 212QQ币212个 212Q币 212个Q币 自动充值,本地生活--游戏充值--QQ充值
腾讯QQ币168元 168QB 168QQ币168个 168Q币 168个Q币 自动充值,本地生活--游戏充值--QQ充值
腾讯QQ币375元 375QB 375QQ币375个 375Q币 375个Q币 自动充值,本地生活--游戏充值--QQ充值
腾讯QQ黄钻豪华版19个月直充,本地生活--游戏充值--QQ充值
腾讯QQ币301元301QQ币自动充值301qb/301个QQB★自动充值,本地生活--游戏充值--QQ充值
腾讯QQ币104元104QQ币104个qb直充104Q币104个Q币104个QB点卡 自动,本地生活--游戏充值--QQ充值
腾讯QQ会员 10个月直充,本地生活--游戏充值--QQ充值
腾讯QQ蓝钻/ QQ超级玩家蓝钻6个月包月 可查时间 可续费 24小时自动充值,本地生活--游戏充值--QQ充值
腾讯QQ币329元 329QB 329QQ币329个 329Q币 329个Q币 自动充值,本地生活--游戏充值--QQ充值
腾讯QQ币18元18QQ币18个qb直充18Q币18个Q币18个QB点卡 自动充值,本地生活--游戏充值--QQ充值
腾讯QQ超级会员10个月 超级会员QQSVIP十个月 可查可续时间 24小时自动充值,本地生活--游戏充值--QQ充值
腾讯q币充值40元qq币40qb40q币自动充值,本地生活--游戏充值--QQ充值
腾讯QQ紫钻贵族 音速紫钻 21个月直充,本地生活--游戏充值--QQ充值
腾讯Q点 q点 1400点 140元直充,本地生活--游戏充值--QQ充值
腾讯QQ币117元117QQ币117个直充117Q币117个Q币117个QQB★自动充值,本地生活--游戏充值--QQ充值
腾讯QQ钻皇6个月/QQ钻皇六个月/钻皇半年费卡 ★自动充值可查可续,本地生活--游戏充值--QQ充值
腾讯QQ币70元70QQ币70个qb直充70Q币70个Q币70个QB点卡 自动充值,本地生活--游戏充值--QQ充值
珂兰 品酌时光系列 18K金时尚彩钻 黄钻戒指 Pyramids R 55分中彩黄钻-订制,珠宝饰品--钻石--钻戒
腾讯QQ紫钻贵族 音速紫钻 45个月直充,本地生活--游戏充值--QQ充值
腾讯QQ币298元298QQ币298个qb直充298Q币298个Q币298个QB点卡 自动,本地生活--游戏充值--QQ充值
腾讯QQ红钻贵族42个月直充,本地生活--游戏充值--QQ充值
腾讯QQ币334元 334QB 334QQ币334个 334Q币 334个Q币 自动充值,本地生活--游戏充值--QQ充值
腾讯QQ币170元 170QB 170QQ币170个 170Q币 170个Q币 自动充值,本地生活--游戏充值--QQ充值
腾讯QQ币406元406QQ币406个qb直充406Q币406个Q币406个QB点卡 自动,本地生活--游戏充值--QQ充值
腾讯QQ币46元46QQ币46个qb直充46Q币46个Q币46个QB点卡 自动充值,本地生活--游戏充值--QQ充值
腾讯QQ蓝钻贵族 13个月直充,本地生活--游戏充值--QQ充值
腾讯QQ蓝钻豪华版13个月直充,本地生活--游戏充值--QQ充值
腾讯Q点 q点 1700点 170元直充,本地生活--游戏充值--QQ充值
腾讯QQ币338元338QQ币自动充值338qb/338个QQB★自动充值,本地生活--游戏充值--QQ充值
腾讯QQ币480元 480QB 480QQ币480个 480Q币 480个Q币 自动充值,本地生活--游戏充值--QQ充值
腾讯QQ会员 9个月直充,本地生活--游戏充值--QQ充值
腾讯QQ币105元 105QB 105QQ币105个 105Q币 105个Q币 自动充值,本地生活--游戏充值--QQ充值
腾讯QQ币20元20QQ币20个直充20Q币20个Q币20个QB/20QQB★自动充值,本地生活--游戏充值--QQ充值
腾讯QQ币205元 205QB 205QQ币205个 205Q币 205个Q币 自动充值,本地生活--游戏充值--QQ充值
腾讯QQ币210元210QQ币210个直充210Q币210个Q币210个QQB★自动充值,本地生活--游戏充值--QQ充值
腾讯QQ红钻 QQ红钻十一个月QQ红钻 QQ红钻11个月QQ红钻 可查可续 自动充值,本地生活--游戏充值--QQ充值
腾讯q币充值8元qq币8qb8q币自动充值,本地生活--游戏充值--QQ充值
珂兰 品酌时光系列 18K金时尚黄钻戒指 城堡系列R 79分浅彩黄钻-订制,珠宝饰品--钻石--钻戒
腾讯QQ币/5元QQ币/5QB/5qb/5qq币/5Q币5q币5元在线充值 自动充值,本地生活--游戏充值--QQ充值
腾讯QQ情侣红钻18个月直充,本地生活--游戏充值--QQ充值
腾讯QQ黄钻贵族24个月直充,本地生活--游戏充值--QQ充值
腾讯QQ币27元 27QB 27QQ币27个 27q币 27Q币 27个Q币 自动充值,本地生活--游戏充值--QQ充值
腾讯QQ黄钻豪华版11个月直充,本地生活--游戏充值--QQ充值
腾讯QQ堂紫钻27个月直充,本地生活--游戏充值--QQ充值
QQ粉钻九个月QQ粉钻9个月/QQ宠物粉钻可查时间★自动充值,本地生活--游戏充值--QQ充值
腾讯QQ币43元 43QB 43QQ币43个 43q币 43Q币 43个Q币 自动充值,本地生活--游戏充值--QQ充值
腾讯QQ黄钻二个月QQ黄钻2个月包月卡官方自动充值可查时间可续费,本地生活--游戏充值--QQ充值
腾讯QQ黄钻四个月QQ黄钻4个月包月卡官方自动充值可查时间可续费,本地生活--游戏充值--QQ充值
腾讯QQ炫舞紫钻9个月直充,本地生活--游戏充值--QQ充值
腾讯QQ币493元 493QB 493QQ币493个 493Q币 493个Q币 自动充值,本地生活--游戏充值--QQ充值
腾讯QQ币280元280QQ币280个qb直充280Q币280个Q币280个QB点卡 自动,本地生活--游戏充值--QQ充值
卡仕达 领航系列一键通服务续费卡,钟表礼品--礼品--礼品定制
腾讯QQ币30元30QQ币30个直充Q币30个QB/30QB 24小时自动充值,本地生活--游戏充值--QQ充值
腾讯QQ币380元380QQ币自动充值380qb/380个QQB★自动充值,本地生活--游戏充值--QQ充值
腾讯QQ币439元 439QB 439QQ币439个 439Q币 439个Q币 自动充值,本地生活--游戏充值--QQ充值
腾讯QQ币470元470QQ币470个qb直充470Q币470个Q币470个QB点卡 自动,本地生活--游戏充值--QQ充值
腾讯QQ钻皇/QQ钻皇9个月/qq钻皇九个月/钻皇 可查可续★自动充值,本地生活--游戏充值--QQ充值
腾讯QQ币397元 397QB 397QQ币397个 397Q币 397个Q币 自动充值,本地生活--游戏充值--QQ充值
腾讯QQ会员 QQ会员四个月QQ会员4个月 4个月QQ会员 可查可续 自动充值,本地生活--游戏充值--QQ充值
腾讯DNF黑钻100天5个月 QQ地下城与勇士黑砖五个月自动充值,本地生活--游戏充值--QQ充值
QQ堂紫钻十个月QQ堂紫钻10个月QQ堂紫钻★可查时间 自动充值,本地生活--游戏充值--QQ充值
腾讯QQ币370元 370QB 370QQ币370个 370Q币 370个Q币 自动充值,本地生活--游戏充值--QQ充值
腾讯QQ会员26个月直充,本地生活--游戏充值--QQ充值
腾讯QQ黑钻贵族一个月 地下城勇士黑钻1个月 包月卡可查时间可续费★自动充值,本地生活--游戏充值--QQ充值
腾讯QQ币383元383QQ币自动充值383qb/383个QQB★自动充值,本地生活--游戏充值--QQ充值
腾讯QQ币49元49QQ币49个直充49Q币49个Q币49个QB/49QQB★自动充值,本地生活--游戏充值--QQ充值
腾讯QQ会员50个月直充,本地生活--游戏充值--QQ充值
腾讯QQ黄钻贵族49个月直充,本地生活--游戏充值--QQ充值
腾讯Q点 q点 3600点 360元直充,本地生活--游戏充值--QQ充值
腾讯QQ币468元 468QB 468QQ币468个 468Q币 468个Q币 自动充值,本地生活--游戏充值--QQ充值
腾讯QQ币288元288QQ币288个qb直充288Q币288个Q币288个QB点卡 自动,本地生活--游戏充值--QQ充值
腾讯QQ紫钻贵族 音速紫钻 37个月直充,本地生活--游戏充值--QQ充值
腾讯QQ币391元391QQ币自动充值391qb/391个QQB★自动充值,本地生活--游戏充值--QQ充值
腾讯QQ币252元 252QB 252QQ币252个 252Q币 252个Q币 自动充值,本地生活--游戏充值--QQ充值
腾讯QQ情侣红钻21个月直充,本地生活--游戏充值--QQ充值
腾讯QQ红钻QQ秀贵族3个月包月 可查时间 可续费 24小时自动充值,本地生活--游戏充值--QQ充值
QQ堂紫钻六个月QQ堂紫钻6个月QQ堂紫钻半年卡★可查时间自动充值,本地生活--游戏充值--QQ充值
腾讯QQ币475元 475QB 475QQ币475个 475Q币 475个Q币 自动充值,本地生活--游戏充值--QQ充值
腾讯QQ红钻23个月直充,本地生活--游戏充值--QQ充值
腾讯Q点 q点 1600点 160元直充,本地生活--游戏充值--QQ充值
腾讯QQ币114元114QQ币114个直充114Q币114个Q币114个QQB★自动充值,本地生活--游戏充值--QQ充值
腾讯QQ币126元126QQ币126个直充126Q币126个Q币126个QQB★自动充值,本地生活--游戏充值--QQ充值
腾讯QQ黑钻贵族十个月 地下城勇士黑钻10个月 包月卡可查时间可续费★自动充值,本地生活--游戏充值--QQ充值
腾讯QQ币342元342QQ币342个qb直充342Q币342个Q币342个QB点卡 自动,本地生活--游戏充值--QQ充值
腾讯QQ币268元268QQ币268个qb直充268Q币268个Q币268个QB点卡 自动,本地生活--游戏充值--QQ充值
腾讯QQ绿钻/QQ音乐绿钻5个月包月 可查时间 可续费 24小时自动充值,本地生活--游戏充值--QQ充值
腾讯QQ紫钻贵族 飞车紫钻 5个月直充,本地生活--游戏充值--QQ充值
腾讯QQ蓝钻贵族50个月直充,本地生活--游戏充值--QQ充值
速达进销存财务企业ERP管理软件移动安卓客户端应用年费卡1年 手机移动端站点安卓续费年费卡,钟表礼品--礼品--火机烟具
腾讯QQ黄钻贵族14个月直充,本地生活--游戏充值--QQ充值
腾讯QQ币452元 452QB 452QQ币452个 452Q币 452个Q币 自动充值,本地生活--游戏充值--QQ充值
腾讯QQ绿钻贵族 音乐绿钻42个月直充,本地生活--游戏充值--QQ充值
腾讯QQ币700元700QQ币700个直充700Q币700个QB/700QQB★自动充值,本地生活--游戏充值--QQ充值
腾讯QQ币160元160QQ币160个直充160Q币160个Q币160个QQB★自动充值,本地生活--游戏充值--QQ充值
腾讯QQ币4元4QQ币4个直充4Q币4个Q币4个QB/4QQB★自动充值,本地生活--游戏充值--QQ充值
腾讯QQ币253元 253QB 253QQ币253个 253Q币 253个Q币 自动充值,本地生活--游戏充值--QQ充值
腾讯QQ游戏贵族QQ蓝钻豪华版五个月QQ蓝钻贵族豪华版5个月可查时间可续费★自动充值,本地生活--游戏充值--QQ充值
腾讯QQ币15元 15QB 15QQ币15个 15q币 15Q币 15个Q币 自动充值,本地生活--游戏充值--QQ充值
腾讯QQ币42元42QQ币42个qb直充42Q币42个Q币42个QB点卡 自动充值,本地生活--游戏充值--QQ充值
腾讯QQ堂紫钻13个月直充,本地生活--游戏充值--QQ充值
腾讯QQ堂紫钻48个月直充,本地生活--游戏充值--QQ充值
腾讯Q点 q点 2800点 280元直充,本地生活--游戏充值--QQ充值
腾讯Q点 q点 3200点 320元直充,本地生活--游戏充值--QQ充值
腾讯QQ币118元118QQ币118个直充118Q币118个Q币118个QQB★自动充值,本地生活--游戏充值--QQ充值
腾讯QQ超级会员 SVIP 24个月直充,本地生活--游戏充值--QQ充值
腾讯个Q币50个QB50个QQ币50Q币50QB50QQ币官方自动充值,本地生活--游戏充值--QQ充值
腾讯QQ红钻包月卡QQ红钻二个月QQ红钻2个月 自动充值,本地生活--游戏充值--QQ充值
腾讯QQ币58元 58QB 58QQ币58个 58Q币 58个Q币 自动充值,本地生活--游戏充值--QQ充值
腾讯q币充值29元qq币29qb29q币自动充值,本地生活--游戏充值--QQ充值
腾讯QQ币363元 363QB 363QQ币363个 363Q币 363个Q币 自动充值,本地生活--游戏充值--QQ充值
腾讯QQ币377元377QQ币自动充值377qb/377个QQB★自动充值,本地生活--游戏充值--QQ充值
腾讯QQ币/60元QQ币60QB60qb60qq币60Q币60q币60元在线卡密,本地生活--游戏充值--QQ充值
腾讯QQ币116元116QQ币116个qb直充116Q币116个Q币116个QB点卡 自动,本地生活--游戏充值--QQ充值
腾讯QQ币214元 214QB 214QQ币214个 214Q币 214个Q币 自动充值,本地生活--游戏充值--QQ充值
腾讯QQ币234元234QQ币234个qb直充234Q币234个Q币234个QB点卡 自动,本地生活--游戏充值--QQ充值
腾讯QQ币9元 9QB 9QQ币9个 9q币 9Q币 9个Q币 自动充值,本地生活--游戏充值--QQ充值
腾讯QQ币8元8QQ币8个直充8Q币8个Q币8个QB/8QQB★自动充值,本地生活--游戏充值--QQ充值
腾讯QQ堂紫钻35个月直充,本地生活--游戏充值--QQ充值
腾讯QQ币317元317QQ币自动充值317qb/317个QQB★自动充值,本地生活--游戏充值--QQ充值
腾讯QQ币900元900QQ币900个直充900Q币900个QB/900QQB★自动充值,本地生活--游戏充值--QQ充值
腾讯QQ币188元188QQ币188个qb直充188Q币188个Q币188个QB点卡 自动,本地生活--游戏充值--QQ充值
腾讯QQ会员32个月直充,本地生活--游戏充值--QQ充值
腾讯Q点 q点 140点 14元直充,本地生活--游戏充值--QQ充值
腾讯QQ超级会员1年 QQ超级会员12个月包年QQ会员年费 svip一年卡 自动充值,本地生活--游戏充值--QQ充值
腾讯QQ紫钻贵族 音速紫钻 23个月直充,本地生活--游戏充值--QQ充值
【自动充值】腾讯QQVIP超级会员一个月 QQ超级会员1个月★可查时间可续费,本地生活--游戏充值--QQ充值
虎牌QBG-D50电子密码全钢保管柜/箱 防撬 防盗 双报警 办公家用环保 QBG-AI/D-80,电脑/办公--办公设备--保险柜
腾讯QQ币463元 463QB 463QQ币463个 463Q币 463个Q币 自动充值,本地生活--游戏充值--QQ充值
腾讯QQ币123元123QQ币123个直充123Q币123个Q币123个QQB★自动充值,本地生活--游戏充值--QQ充值
腾讯QQ币446元446QQ币446个qb直充446Q币446个Q币446个QB点卡 自动,本地生活--游戏充值--QQ充值
腾讯QQ绿钻10个月音乐绿钻十个月包月卡自动充值可查时间可续费,本地生活--游戏充值--QQ充值
腾讯QQ蓝钻豪华版21个月直充,本地生活--游戏充值--QQ充值
腾讯QQ币230元230QQ币230个qb直充230Q币230个Q币230个QB点卡 自动,本地生活--游戏充值--QQ充值
腾讯Q点 q点 220点 22元直充,本地生活--游戏充值--QQ充值
腾讯QQ黄钻贵族15个月直充,本地生活--游戏充值--QQ充值
腾讯QQ币200元200QQ币200个直充Q币200个QB/200QB 自动充值,本地生活--游戏充值--QQ充值
QQ炫舞紫钻5个月QQ炫舞紫钻五个月可续费可查时间自动充值,本地生活--游戏充值--QQ充值
腾讯QQ币88元88QQ币88个直充88Q币88个Q币88个QB/88QQB★自动充值,本地生活--游戏充值--QQ充值
腾讯QQ蓝钻豪华版7个月直充,本地生活--游戏充值--QQ充值
腾讯QQ紫钻贵族 音速紫钻 16个月直充,本地生活--游戏充值--QQ充值
腾讯QQ币307元307QQ币自动充值307qb/307个QQB★自动充值,本地生活--游戏充值--QQ充值
腾讯QQ粉钻贵族29个月直充,本地生活--游戏充值--QQ充值
腾讯QQ币/30元QQ币30QB30qb30qq币30Q币30q币30元在线卡密,本地生活--游戏充值--QQ充值
腾讯QQ币422元422QQ币自动充值422qb/422个QQB★自动充值,本地生活--游戏充值--QQ充值
腾讯QQ币288元 288QB 288QQ币288个 288Q币 288个Q币 自动充值,本地生活--游戏充值--QQ充值
腾讯QQ超级会员 SVIP 22个月直充,本地生活--游戏充值--QQ充值
腾讯QQ粉钻贵族33个月直充,本地生活--游戏充值--QQ充值
腾讯QQ会员39个月直充,本地生活--游戏充值--QQ充值
腾讯QQ币316元316QQ币316个qb直充316Q币316个Q币316个QB点卡 自动,本地生活--游戏充值--QQ充值
腾讯QQ币49元 49QB 49QQ币49个 49q币 49Q币 49个Q币 自动充值,本地生活--游戏充值--QQ充值
腾讯QQ币165元 165QB 165QQ币165个 165Q币 165个Q币 自动充值,本地生活--游戏充值--QQ充值
腾讯QQ币412元412QQ币412个qb直充412Q币412个Q币412个QB点卡 自动,本地生活--游戏充值--QQ充值
腾讯QQ币138元 138QB 138QQ币138个 138Q币 138个Q币 自动充值,本地生活--游戏充值--QQ充值
腾讯QQ币448元448QQ币自动充值448qb/448个QQB★自动充值,本地生活--游戏充值--QQ充值
腾讯QQ蓝钻贵族43个月直充,本地生活--游戏充值--QQ充值
腾讯Q点 q点 2200点 220元直充,本地生活--游戏充值--QQ充值
腾讯QQ币241元 241QB 241QQ币241个 241Q币 241个Q币 自动充值,本地生活--游戏充值--QQ充值
腾讯Q点 q点 4000点 400元直充,本地生活--游戏充值--QQ充值
腾讯QQ币232元232QQ币232个qb直充232Q币232个Q币232个QB点卡 自动,本地生活--游戏充值--QQ充值
腾讯QQ币487元 487QB 487QQ币487个 487Q币 487个Q币 自动充值,本地生活--游戏充值--QQ充值
腾讯q币充值11元qq币11qb11q币自动充值,本地生活--游戏充值--QQ充值
腾讯QQ黄钻贵族19个月直充,本地生活--游戏充值--QQ充值
腾讯QQ币104元104QQ币104个直充104Q币104个Q币104个QQB★自动充值,本地生活--游戏充值--QQ充值
【自动充值】腾讯QQVIP超级会员七个月 QQ超级会员7个月★可查时间可续费,本地生活--游戏充值--QQ充值
腾讯QQ粉钻贵族47个月直充,本地生活--游戏充值--QQ充值
腾讯QQ会员6个月直充,本地生活--游戏充值--QQ充值
腾讯QQ黄钻豪华版7个月直充,本地生活--游戏充值--QQ充值
腾讯QQ蓝钻/ QQ超级玩家蓝钻1个月包月 可查时间 可续费 24小时自动充值,本地生活--游戏充值--QQ充值
腾讯QQ币158元158QQ币158个qb直充158Q币158个Q币158个QB点卡 自动,本地生活--游戏充值--QQ充值
腾讯QQ币407元 407QB 407QQ币407个 407Q币 407个Q币 自动充值,本地生活--游戏充值--QQ充值
QQ堂紫钻九个月QQ堂紫钻9个月QQ堂紫钻★可查时间 自动充值,本地生活--游戏充值--QQ充值
腾讯QQ绿钻贵族 音乐绿钻 36个月直充,本地生活--游戏充值--QQ充值
腾讯QQ币236元 236QB 236QQ币236个 236Q币 236个Q币 自动充值,本地生活--游戏充值--QQ充值
腾讯QQ币324元 324QB 324QQ币324个 324Q币 324个Q币 自动充值,本地生活--游戏充值--QQ充值
腾讯QQ会员包月，6个月 可续费 可查时间 24小时自动充值,本地生活--游戏充值--QQ充值
腾讯QQ币499元499QQ币自动充值499qb/499个QQB★自动充值,本地生活--游戏充值--QQ充值
腾讯QQ币266元266QQ币266个qb直充266Q币266个Q币266个QB点卡 自动,本地生活--游戏充值--QQ充值
腾讯QQ币309元 309QB 309QQ币309个 309Q币 309个Q币 自动充值,本地生活--游戏充值--QQ充值
腾讯QQ币481元 481QB 481QQ币481个 481Q币 481个Q币 自动充值,本地生活--游戏充值--QQ充值
腾讯QQ红钻三个月QQ秀贵族3个月季卡自动充值可查时间可续费,本地生活--游戏充值--QQ充值
腾讯QQ红钻28个月直充,本地生活--游戏充值--QQ充值
腾讯QQ会员30个月直充,本地生活--游戏充值--QQ充值
腾讯QQ空间黄钻贵族十个月QQ黄钻10个月包月卡可查时间可续费★自动充值,本地生活--游戏充值--QQ充值
QQ炫舞紫钻三个月QQ炫舞紫钻年QQ炫舞紫钻3个月可续费可查时间★自动充值,本地生活--游戏充值--QQ充值
腾讯QQ空间黄钻贵族豪华版八个月QQ黄钻贵族豪华版8个月包月卡可查时间可续费★自动充值,本地生活--游戏充值--QQ充值
腾讯QQ币250元250QQ币250个直充250Q币250个Q币250个QQB★自动充值,本地生活--游戏充值--QQ充值
腾讯QQ币194元194QQ币194个qb直充194Q币194个Q币194个QB点卡 自动,本地生活--游戏充值--QQ充值
腾讯QQ币138元138QQ币138个直充138Q币138个Q币138个QQB★自动充值,本地生活--游戏充值--QQ充值
腾讯QQ币424元424QQ币424个qb直充424Q币424个Q币424个QB点卡 自动,本地生活--游戏充值--QQ充值
腾讯QQ币335元 335QB 335QQ币335个 335Q币 335个Q币 自动充值,本地生活--游戏充值--QQ充值
腾讯QQ蓝钻贵族_1个月_10元直充,本地生活--游戏充值--QQ充值
腾讯QQ币163元163QQ币163个直充163Q币163个Q币163个QQB★自动充值,本地生活--游戏充值--QQ充值
腾讯印象image十二星座 动漫鼠标垫插画风游戏QQ鼠标垫电脑办公键盘桌垫双鱼射手白羊座 白羊座,电脑/办公--外设产品--U盘
腾讯QQ币52元52QQ币52个qb直充52Q币52个Q币52个QB点卡 自动充值,本地生活--游戏充值--QQ充值
腾讯QQ币368元 368QB 368QQ币368个 368Q币 368个Q币 自动充值,本地生活--游戏充值--QQ充值
腾讯QQ币30元 30QB 30QQ币30个 30q币 30Q币 30个Q币 自动充值,本地生活--游戏充值--QQ充值
腾讯QQ红钻41个月直充,本地生活--游戏充值--QQ充值
腾讯DNF黑钻330天11个月 QQ地下城与勇士黑砖十一个月自动充值,本地生活--游戏充值--QQ充值
腾讯QQ币399元 399QB 399QQ币399个 399Q币 399个Q币 自动充值,本地生活--游戏充值--QQ充值
腾讯QQ币461元 461QB 461QQ币461个 461Q币 461个Q币 自动充值,本地生活--游戏充值--QQ充值
腾讯QQ堂紫钻47个月直充,本地生活--游戏充值--QQ充值
腾讯QQ币41元41QQ币41个直充41Q币41个Q币41个QB/41QQB★自动充值,本地生活--游戏充值--QQ充值
腾讯QQ币337元337QQ币自动充值337qb/337个QQB★自动充值,本地生活--游戏充值--QQ充值
"速达V1会员管理软件 会员消费,会员管理,商品管理,交班管理,事件提醒 速达V1会员管理 洗车美容管理",图书杂志--工业技术--电工电气
腾讯QQ币295元 295QB 295QQ币295个 295Q币 295个Q币 自动充值,本地生活--游戏充值--QQ充值
腾讯QQ币46元46QQ币46个直充46Q币46个Q币46个QB/46QQB★自动充值,本地生活--游戏充值--QQ充值
珂兰 品酌时光系列 18K金时尚黄钻吊坠 Pyramids R 86分中彩黄钻-订制,珠宝饰品--钻石--钻戒
腾讯QQ币115元115QQ币115个直充115Q币115个Q币115个QQB★自动充值,本地生活--游戏充值--QQ充值
腾讯QQ币430元 430QB 430QQ币430个 430Q币 430个Q币 自动充值,本地生活--游戏充值--QQ充值
腾讯卡密QQ币10元10QQ币10个 Q币10个QB 24小时自动发货腾讯官方在线卡,本地生活--游戏充值--游戏点卡
腾讯QQ币339元 339QB 339QQ币339个 339Q币 339个Q币 自动充值,本地生活--游戏充值--QQ充值
腾讯QQ情侣红钻10个月直充,本地生活--游戏充值--QQ充值
腾讯QQ游戏蓝钻贵族十个月QQ蓝钻10个月包月卡可查时间可续费★自动充值,本地生活--游戏充值--QQ充值
腾讯QQ黄钻 QQ黄钻九个月 QQ黄钻9个月QQ黄钻 九个月QQ黄钻 可查可续 自动充值,本地生活--游戏充值--QQ充值
腾讯QQ币329元329QQ币自动充值329qb/329个QQB★自动充值,本地生活--游戏充值--QQ充值
腾讯Q点 q点 230点 23元直充,本地生活--游戏充值--QQ充值
腾讯QQ蓝钻10个月 QQ蓝钻十个月QQ蓝钻 QQ蓝钻10个月QQ蓝钻 可查可续 自动充值,本地生活--游戏充值--QQ充值
腾讯QQ币122元 122QB 122QQ币122个 122Q币 122个Q币 自动充值,本地生活--游戏充值--QQ充值
腾讯QQ币474元474QQ币自动充值474qb/474个QQB★自动充值,本地生活--游戏充值--QQ充值
腾讯DNF黑钻120天/地下城与勇士DNF黑钻包月卡4个月/QQ黑砖四个月 自动充值,本地生活--游戏充值--QQ充值
腾讯QQ币_30元卡密 QQ币 QB qb Q币卡,本地生活--游戏充值--QQ充值
腾讯QQ币373元373QQ币自动充值373qb/373个QQB★自动充值,本地生活--游戏充值--QQ充值
腾讯QQ币454元 454QB 454QQ币454个 454Q币 454个Q币 自动充值,本地生活--游戏充值--QQ充值
【自动充值】QQ堂紫钻贵族八个月QQ堂紫钻QQ堂紫钻8个月 可续费可查时间,本地生活--游戏充值--QQ充值
QQ飞车紫钻一个月/QQ飞车紫钻1个月/QQ飞车包月★可查时自动充值,本地生活--游戏充值--游戏点卡
腾讯QQ币160元 160QB 160QQ币160个 160Q币 160个Q币 自动充值,本地生活--游戏充值--QQ充值
腾讯QQ绿钻 QQ绿钻九个月 QQ绿钻9个月QQ绿钻 九个月QQ绿钻 可查可续 自动充值,本地生活--游戏充值--QQ充值
腾讯QQ币331元 331QB 331QQ币331个 331Q币 331个Q币 自动充值,本地生活--游戏充值--QQ充值
腾讯QQ黄钻贵族8个月直充,本地生活--游戏充值--QQ充值
腾讯QQ黑钻3个月包月官方自动充值可查时间可续费,本地生活--游戏充值--QQ充值
腾讯QQ币412元 412QB 412QQ币412个 412Q币 412个Q币 自动充值,本地生活--游戏充值--QQ充值
腾讯QQ币206元 206QB 206QQ币206个 206Q币 206个Q币 自动充值,本地生活--游戏充值--QQ充值
腾讯QQ蓝钻贵族29个月直充,本地生活--游戏充值--QQ充值
腾讯QQ绿钻 QQ绿钻两个月 QQ绿钻2个月QQ绿钻 两个月QQ绿钻 可查可续 自动充值,本地生活--游戏充值--QQ充值
腾讯QQ物联高清无线WIFI网络智能插卡摄像机 免装APP 腾讯 标配加16G 3.6MM,电脑/办公--网络设备--路由器
腾讯QQ红钻 QQ红钻四个月 QQ红钻4个月QQ红钻 四个月QQ红钻 可查可续 自动充值,本地生活--游戏充值--QQ充值
腾讯QQ币349元349QQ币自动充值349qb/349个QQB★自动充值,本地生活--游戏充值--QQ充值
腾讯QQ币90元90QQ币90个直充90Q币90个Q币90个QB/90QQB★自动充值,本地生活--游戏充值--QQ充值
腾讯QQ黄钻豪华版17个月直充,本地生活--游戏充值--QQ充值
腾讯QQ币92元92QQ币92个直充92Q币92个Q币92个QB/QQB★自动充值,本地生活--游戏充值--QQ充值
【腾讯印象】QQimage创意礼品腾讯企天大圣猴年生肖钥匙扣公仔创意手机挂饰 企天大圣钥匙扣,家装建材--五金家装--电动工具
QQ炫舞紫钻八个月QQ炫舞紫钻年QQ炫舞紫钻8个月可续费可查时间★自动充值,本地生活--游戏充值--QQ充值
腾讯QQ绿钻贵族 音乐绿钻 41个月直充,本地生活--游戏充值--QQ充值
腾讯QQ币122元122QQ币122个qb直充122Q币122个Q币122个QB点卡 自动,本地生活--游戏充值--QQ充值
QQ粉钻六个月QQ粉钻6个月/QQ宠物粉钻6个月可查时间 自动充值,本地生活--游戏充值--QQ充值
腾讯QQ钻皇/QQ钻皇2个月/qq钻皇二个月/钻皇按月直充可查可续★自动充值,本地生活--游戏充值--QQ充值
QQ粉钻六个月QQ粉钻半年卡/QQ宠物粉钻6个月可查时间★自动充值,本地生活--游戏充值--QQ充值
腾讯QQ币96元96QQ币96个qb直充96Q币96个Q币96个QB点卡 自动充值,本地生活--游戏充值--QQ充值
腾讯QQ币153元 153QB 153QQ币153个 153Q币 153个Q币 自动充值,本地生活--游戏充值--QQ充值
腾讯QQ币24元24QQ币24个qb直充24Q币24个Q币24个QB点卡 自动充值,本地生活--游戏充值--QQ充值
腾讯QQ币359元 359QB 359QQ币359个 359Q币 359个Q币 自动充值,本地生活--游戏充值--QQ充值
腾讯QQ币455元 455QB 455QQ币455个 455Q币 455个Q币 自动充值,本地生活--游戏充值--QQ充值
腾讯QQ黄钻 QQ黄钻八个月 QQ黄钻8个月QQ黄钻 八个月QQ黄钻 可查可续 自动充值,本地生活--游戏充值--QQ充值
腾讯qq币q币qb充值20元20qb20q币自动充值,本地生活--游戏充值--QQ充值
腾讯QQ红钻32个月直充,本地生活--游戏充值--QQ充值
腾讯QQ红钻十二个月QQ秀红钻12个月包月卡可查时间可续费★自动充值,本地生活--游戏充值--QQ充值
腾讯q币充值24元qq币24qb24q币自动充值,本地生活--游戏充值--QQ充值
腾讯QQ红钻17个月直充,本地生活--游戏充值--QQ充值
腾讯QQ粉钻贵族2个月直充,本地生活--游戏充值--QQ充值
腾讯QQ会员包季卡QQ会员三个月QQ会员3个月 自动充值,本地生活--游戏充值--QQ充值
腾讯QQ币355元355QQ币自动充值355qb/355个QQB★自动充值,本地生活--游戏充值--QQ充值
腾讯QQ币254元254QQ币254个qb直充254Q币254个Q币254个QB点卡 自动,本地生活--游戏充值--QQ充值
腾讯QQ币196元196QQ币196个qb直充196Q币196个Q币196个QB点卡 自动,本地生活--游戏充值--QQ充值
腾讯QQ币342元 342QB 342QQ币342个 342Q币 342个Q币 自动充值,本地生活--游戏充值--QQ充值
腾讯q币充值6元qq币6qb6q币自动充值,本地生活--游戏充值--QQ充值
QQ粉钻十个月QQ粉钻10个月/QQ宠物粉钻可查时间★自动充值,本地生活--游戏充值--QQ充值
腾讯QQ币290元290QQ币290个qb直充290Q币290个Q币290个QB点卡 自动,本地生活--游戏充值--QQ充值
腾讯QQ币57元 57QB 57QQ币57个 57Q币 57个Q币 自动充值,本地生活--游戏充值--QQ充值
腾讯QQ超级会员3个月季卡 QQSVIP三个月 可查可续 自动充值,本地生活--游戏充值--QQ充值
爱宝（Aibao）M-5300 电子收款机 黑色 M-5300USB接口+会员功能,运动户外--垂钓用品--钓鱼配件
腾讯QQ币59元 59QB 59QQ币59个 59Q币 59个Q币 自动充值,本地生活--游戏充值--QQ充值
腾讯QQ币404元 404QB 404QQ币404个 404Q币 404个Q币 自动充值,本地生活--游戏充值--QQ充值
腾讯QQ游戏蓝钻贵族七个月QQ蓝钻7个月包月卡可查时间可续费★自动充值,本地生活--游戏充值--QQ充值
腾讯QQ币455元455QQ币自动充值455qb/455个QQB★自动充值,本地生活--游戏充值--QQ充值
腾讯QQ币181元 181QB 181QQ币181个 181Q币 181个Q币 自动充值,本地生活--游戏充值--QQ充值
腾讯QQ币396元396QQ币396个qb直充396Q币396个Q币396个QB点卡 自动,本地生活--游戏充值--QQ充值
腾讯QQ紫钻贵族 飞车紫钻 1个月直充,本地生活--游戏充值--QQ充值
腾讯QQ币392元 392QB 392QQ币392个 392Q币 392个Q币 自动充值,本地生活--游戏充值--QQ充值
腾讯QQ蓝钻贵族 30个月直充,本地生活--游戏充值--QQ充值
QQ飞车紫钻九个月QQ飞车紫钻包年QQ车紫钻9个月可续费可查时间★自动充值,本地生活--游戏充值--QQ充值
腾讯QQ币238元 238QB 238QQ币238个 238Q币 238个Q币 自动充值,本地生活--游戏充值--QQ充值
腾讯10个Q币10个QB10个QQ币10Q币10QB10QQ币官方自动充值,本地生活--游戏充值--QQ充值
腾讯600QQ币600q币600Q币/QQ币/QB/qq币/600个Q币★自动充值,本地生活--游戏充值--QQ充值
腾讯QQ币394元394QQ币394个qb直充394Q币394个Q币394个QB点卡 自动,本地生活--游戏充值--QQ充值
腾讯QQ炫舞紫钻11个月QQ炫舞紫钻十一个月QQ炫舞紫钻十一个月 自动充值,本地生活--游戏充值--QQ充值
腾讯QQ炫舞紫钻21个月直充,本地生活--游戏充值--QQ充值
腾讯QQ黄钻豪华版22个月直充,本地生活--游戏充值--QQ充值
速达V1会员管理软件 速达V1会员管理 一台电脑终身版 会员管理,图书杂志--计算机与互联网--计算机工具书
腾讯QQ币151元151QQ币151个直充151Q币151个Q币151个QQB★自动充值,本地生活--游戏充值--QQ充值
腾讯QQ堂紫钻17个月直充,本地生活--游戏充值--QQ充值
腾讯QQ币292元292QQ币292个qb直充292Q币292个Q币292个QB点卡 自动,本地生活--游戏充值--QQ充值
腾讯QQ超级会员 SVIP 9个月直充,本地生活--游戏充值--QQ充值
腾讯QQ绿钻贵族 音乐绿钻 18个月直充,本地生活--游戏充值--QQ充值
腾讯QQ币442元442QQ币442个qb直充442Q币442个Q币442个QB点卡 自动,本地生活--游戏充值--QQ充值
腾讯QQ币199元 199QB 199QQ币199个 199Q币 199个Q币 自动充值,本地生活--游戏充值--QQ充值
腾讯QQ绿钻贵族 音乐绿钻 50个月直充,本地生活--游戏充值--QQ充值
腾讯QQ绿钻/QQ音乐绿钻12个月包月 可查时间 可续费 24小时自动充值,本地生活--游戏充值--QQ充值
腾讯QQ币459元459QQ币自动充值459qb/459个QQB★自动充值,本地生活--游戏充值--QQ充值
腾讯QQ币406元 406QB 406QQ币406个 406Q币 406个Q币 自动充值,本地生活--游戏充值--QQ充值
腾讯QQ币374元374QQ币374个qb直充374Q币374个Q币374个QB点卡 自动,本地生活--游戏充值--QQ充值
腾讯QQ币384元384QQ币自动充值384qb/384个QQB★自动充值,本地生活--游戏充值--QQ充值
腾讯QQ绿钻2个月/QQ音乐包月卡/QQ绿钻两个月可查时间 自动充值,本地生活--游戏充值--QQ充值
QQ炫舞紫钻1个月QQ炫舞紫钻一个月包月可续费可查时间自动充值,本地生活--游戏充值--QQ充值
腾讯QQ币16元 16QB 16QQ币16个 16q币 16Q币 16个Q币 自动充值,本地生活--游戏充值--QQ充值
腾讯QQ币1元1QQ币1个直充1Q币1个Q币1个QB/1QQB 自动充值,本地生活--游戏充值--QQ充值
腾讯QQ币31元 31QB 31QQ币31个 31q币 31Q币 31个Q币 自动充值,本地生活--游戏充值--QQ充值
腾讯QQ币364元 364QB 364QQ币364个 364Q币 364个Q币 自动充值,本地生活--游戏充值--QQ充值
腾讯QQ币39元 39QB 39QQ币39个 39q币 39Q币 39个Q币 自动充值,本地生活--游戏充值--QQ充值
腾讯q币充值14元qq币14qb14q币自动充值,本地生活--游戏充值--QQ充值
QQ飞车紫钻十二个月QQ飞车紫钻包年QQ车紫钻12个月可续费可查时间★自动充值,本地生活--游戏充值--QQ充值
腾讯QQ币414元414QQ币自动充值414qb/414个QQB★自动充值,本地生活--游戏充值--QQ充值
腾讯QQ蓝钻贵族17个月直充,本地生活--游戏充值--QQ充值
腾讯QQ会员3个月直充,本地生活--游戏充值--QQ充值
腾讯QQ炫舞紫钻10个月直充,本地生活--游戏充值--QQ充值
腾讯QQ币40元40QQ币40个直充40Q币40个Q币40个QB/40QQB★自动充值,本地生活--游戏充值--QQ充值
腾讯Q点 q点 4100点 410元直充,本地生活--游戏充值--QQ充值
腾讯QQ币62元62QQ币62个qb直充62Q币62个Q币62个QB点卡 自动充值,本地生活--游戏充值--QQ充值
腾讯q币充值1元qq币1qb1q币按元直充在线直冲自动充值,本地生活--游戏充值--QQ充值
腾讯QQ绿钻包月卡 QQ绿钻一个月QQ绿钻1个月 1个月QQ绿钻 可查可续 自动充值,本地生活--游戏充值--QQ充值
腾讯QQ蓝钻贵族15个月直充,本地生活--游戏充值--QQ充值
腾讯QQ币28元28QQ币28个直充28Q币28个Q币28个QB/28QQB★自动充值,本地生活--游戏充值--QQ充值
腾讯QQ币264元 264QB 264QQ币264个 264Q币 264个Q币 自动充值,本地生活--游戏充值--QQ充值
腾讯QQ币157元 157QB 157QQ币157个 157Q币 157个Q币 自动充值,本地生活--游戏充值--QQ充值
腾讯QQ紫钻贵族 音速紫钻18个月直充,本地生活--游戏充值--QQ充值
腾讯Q点 q点 4300点 430元直充,本地生活--游戏充值--QQ充值
腾讯QQ币448元 448QB 448QQ币448个 448Q币 448个Q币 自动充值,本地生活--游戏充值--QQ充值
腾讯QQ币112元 112QB 112QQ币112个 112Q币 112个Q币 自动充值,本地生活--游戏充值--QQ充值
腾讯QQ币420元 420QB 420QQ币420个 420Q币 420个Q币 自动充值,本地生活--游戏充值--QQ充值
腾讯QQ红钻 QQ红钻七个月 QQ红钻7个月QQ红钻 七个月QQ红钻 可查可续 自动充值,本地生活--游戏充值--QQ充值
腾讯QQ粉钻贵族45个月直充,本地生活--游戏充值--QQ充值
腾讯QQ堂紫钻31个月直充,本地生活--游戏充值--QQ充值
腾讯QQ粉钻一个月宠物粉钻1个月包月卡自动充值可查时间可续费,本地生活--游戏充值--QQ充值
腾讯QQ币405元405QQ币自动充值405qb/405个QQB★自动充值,本地生活--游戏充值--QQ充值
腾讯QQ黄钻1个月Q-ZONE黄钻包月 可查时间 可续费 24小时自动充值,本地生活--游戏充值--QQ充值
腾讯QQ红钻贵族11个月直充,本地生活--游戏充值--QQ充值
腾讯QQ币133元133QQ币133个直充133Q币133个Q币133个QQB★自动充值,本地生活--游戏充值--QQ充值
腾讯QQ黄钻豪华版5个月直充,本地生活--游戏充值--QQ充值
腾讯QQ币265元 265QB 265QQ币265个 265Q币 265个Q币 自动充值,本地生活--游戏充值--QQ充值
Qlippie Q立派 腾讯QQ出品 穿戴式摄像机 运动DV相机街拍直播分享微型摄像头 专用防水壳(不含摄像机),手机数码--数码配件--机身附件
"速达V1会员管理软件 会员消费,会员管理,商品管理,交班管理,事件提醒 速达V1会员管理 储值卡会员管理",图书杂志--管理--电子商务
腾讯QQ币149元149QQ币149个直充149Q币149个Q币149个QQB★自动充值,本地生活--游戏充值--QQ充值
腾讯QQ空间黄钻贵族豪华版十一个月QQ黄钻贵族豪华版11个月包月卡可查时间可续费★自动充值,本地生活--游戏充值--QQ充值
腾讯QQ堂紫钻2个月直充,本地生活--游戏充值--QQ充值
腾讯QQ蓝钻贵族10个月直充,本地生活--游戏充值--QQ充值
腾讯QQ币34元34QQ币34个qb直充34Q币34个Q币34个QB点卡 自动充值,本地生活--游戏充值--QQ充值
腾讯QQ蓝钻贵族5个月直充,本地生活--游戏充值--QQ充值
腾讯QQ游戏蓝钻贵族6个月QQ蓝钻六个月包月卡可查时间可续费★自动充值,本地生活--游戏充值--QQ充值
腾讯QQ币222元 222QB 222QQ币222个 222Q币 222个Q币 自动充值,本地生活--游戏充值--QQ充值
腾讯QQ币315元 315QB 315QQ币315个 315Q币 315个Q币 自动充值,本地生活--游戏充值--QQ充值
腾讯QQ币116元 116QB 116QQ币116个 116Q币 116个Q币 自动充值,本地生活--游戏充值--QQ充值
腾讯QQ蓝钻贵族20个月直充,本地生活--游戏充值--QQ充值
腾讯QQ币99元99QQ币99个直充99Q币99个Q币99个QB/99QQB★自动充值,本地生活--游戏充值--QQ充值
腾讯QQ币323元323QQ币自动充值323qb/323个QQB★自动充值,本地生活--游戏充值--QQ充值
腾讯QQ币212元212QQ币212个qb直充212Q币212个Q币212个QB点卡 自动,本地生活--游戏充值--QQ充值
腾讯QQ币120元120QQ币120个qb直充120Q币120Q币120QB点卡 自动充值,本地生活--游戏充值--QQ充值
腾讯QQ超级会员 SVIP 15个月直充,本地生活--游戏充值--QQ充值
QQ粉钻八个月QQ粉钻8个月/QQ宠物粉钻可查时间★自动充值,本地生活--游戏充值--QQ充值
腾讯QQ币382元382QQ币382个qb直充382Q币382个Q币382个QB点卡 自动,本地生活--游戏充值--QQ充值
QQ飞车紫钻十一个月/QQ飞车紫钻11个月/QQ飞车★可查时间 自动充值,本地生活--游戏充值--游戏点卡
腾讯QQ币272元272QQ币272个qb直充272Q币272个Q币272个QB点卡 自动,本地生活--游戏充值--QQ充值
腾讯QQ钻皇/QQ钻皇10个月/qq钻皇十个月/钻皇按月直充可查可续★自动充值,本地生活--游戏充值--QQ充值
QQ飞车紫钻5个月QQ飞车紫钻五个月可续费可查时间自动充值,本地生活--游戏充值--游戏点卡
腾讯QQ币60元60QQ币60个 Q币60个QB/60QB 24小时腾讯官方在线卡密,本地生活--游戏充值--QQ充值
腾讯QQ币493元493QQ币自动充值493qb/493个QQB★自动充值,本地生活--游戏充值--QQ充值
腾讯QQ黄钻贵族38个月直充,本地生活--游戏充值--QQ充值
腾讯QQ币88元88QQ币88个qb直充88Q币88个Q币88个QB点卡 自动充值,本地生活--游戏充值--QQ充值
腾讯QQ币141元 141QB 141QQ币141个 141Q币 141个Q币 自动充值,本地生活--游戏充值--QQ充值
腾讯QQ币438元438QQ币438个qb直充438Q币438个Q币438个QB点卡 自动,本地生活--游戏充值--QQ充值
腾讯QQ币451元 451QB 451QQ币451个 451Q币 451个Q币 自动充值,本地生活--游戏充值--QQ充值
腾讯QQ蓝钻豪华版15个月直充,本地生活--游戏充值--QQ充值
腾讯QQ币50元50QQ币50个直充50Q币50个Q币50个QB/50QQB★自动充值,本地生活--游戏充值--QQ充值
腾讯QQ币360元 360QB 360QQ币360个 360Q币 360个Q币 自动充值,本地生活--游戏充值--QQ充值
腾讯QQ币192元 192QB 192QQ币192个 192Q币 192个Q币 自动充值,本地生活--游戏充值--QQ充值
腾讯QQ币214元214QQ币214个qb直充214Q币214个Q币214个QB点卡 自动,本地生活--游戏充值--QQ充值
腾讯QQ币430元430QQ币430个qb直充430Q币430个Q币430个QB点卡 自动,本地生活--游戏充值--QQ充值
腾讯QQ币484元 484QB 484QQ币484个 484Q币 484个Q币 自动充值,本地生活--游戏充值--QQ充值
腾讯QQ蓝钻豪华版18个月直充,本地生活--游戏充值--QQ充值
腾讯QQ蓝钻豪华版26个月直充,本地生活--游戏充值--QQ充值
腾讯QQ空间黄钻贵族豪华版七个月QQ黄钻贵族豪华版7个月包月卡可查时间可续费★自动充值,本地生活--游戏充值--QQ充值
腾讯QQ币59元59QQ币59个直充59Q币59个Q币59个QB/59QQB★自动充值,本地生活--游戏充值--QQ充值
腾讯QQ币121元121QQ币121个直充121Q币121个Q币121个QQB★自动充值,本地生活--游戏充值--QQ充值
腾讯QQ会员包月，3个月 可续费 可查时间 24小时自动充值,本地生活--游戏充值--QQ充值
腾讯QQ币467元 467QB 467QQ币467个 467Q币 467个Q币 自动充值,本地生活--游戏充值--QQ充值
腾讯QQ绿钻贵族 音乐绿钻 34个月直充,本地生活--游戏充值--QQ充值
腾讯QQ堂紫钻46个月直充,本地生活--游戏充值--QQ充值
腾讯QQ币407元407QQ币自动充值407qb/407个QQB★自动充值,本地生活--游戏充值--QQ充值
腾讯QQ黄钻豪华版7个月 QQ豪华版黄钻7个月 黄钻豪华版 自动充值,本地生活--游戏充值--QQ充值
腾讯QQ情侣红钻15个月直充,本地生活--游戏充值--QQ充值
腾讯QQ币400元 400QB 400QQ币400个 400Q币 400个Q币 自动充值,本地生活--游戏充值--QQ充值
腾讯QQ币397元397QQ币自动充值397qb/397个QQB★自动充值,本地生活--游戏充值--QQ充值
腾讯QQ币480元480QQ币480个qb直充480Q币480个Q币480个QB点卡 自动,本地生活--游戏充值--QQ充值
腾讯QQ币38元 38QB 38QQ币38个 38q币 38Q币 38个Q币 自动充值,本地生活--游戏充值--QQ充值
腾讯印象image QQ创意纸钱包 防水个性 纸钱包简约时尚 黑色,箱包皮具--潮流女包--钱包
腾讯QQ超级会员2个月 超级会员QQSVIP二个月★可查可续 24小时自动充值,本地生活--游戏充值--QQ充值
腾讯QQ蓝钻豪华版月卡 QQ蓝钻豪华版1个月 豪华版蓝钻★自动充值,本地生活--游戏充值--QQ充值
腾讯QQ粉钻贵族26个月直充,本地生活--游戏充值--QQ充值
腾讯Q点 q点 50点 5元直充,本地生活--游戏充值--QQ充值
腾讯QQ紫钻贵族 音速紫钻 25个月直充,本地生活--游戏充值--QQ充值
七匹狼&腾讯《雷霆战机》跨界合作款新品天狼机甲蓝黑款时尚人字拖 42,图书杂志--历史--世界史
腾讯QQ币1元1QQ币个直充1Q币1个Q币1个QB/★自动充值,本地生活--游戏充值--QQ充值
腾讯QQ币144元144QQ币144个直充144Q币144个Q币144个QQB★自动充值,本地生活--游戏充值--QQ充值
腾讯QQ钻皇/QQ钻皇10个月/qq钻皇十个月/钻皇 可查可续★自动充值,本地生活--游戏充值--QQ充值
腾讯Q点 q点 2500点 250元直充,本地生活--游戏充值--QQ充值
【腾讯印象】腾讯QQ公仔生日礼物创意礼品腾讯企鹅毛绒公仔玩具儿童创意礼品 25厘米Q哥,钟表礼品--礼品--创意礼品
腾讯QQ币340元340QQ币自动充值340qb/340个QQB★自动充值,本地生活--游戏充值--QQ充值
腾讯QQ会员 QQ会员一个月QQ会员1个月 QQ会员 可查可续 自动充值,本地生活--游戏充值--QQ充值
腾讯QQ币206元206QQ币206个qb直充206Q币206个Q币206个QB点卡 自动,本地生活--游戏充值--QQ充值
腾讯QQ会员41个月直充,本地生活--游戏充值--QQ充值
腾讯Q点 q点 3400点 340元直充,本地生活--游戏充值--QQ充值
腾讯QQ红钻年费卡 QQ红钻一年QQ红钻12个月 12个月年费红钻 可查可续 自动充值,本地生活--游戏充值--QQ充值
QQ粉钻一年年费QQ粉钻包年/QQ宠物粉钻12个月可查时间★自动充值,本地生活--游戏充值--QQ充值
腾讯QQ币409元 409QB 409QQ币409个 409Q币 409个Q币 自动充值,本地生活--游戏充值--QQ充值
腾讯QQ币52元52QQ币52个直充52Q币52个Q币52个QB/52QQB★自动充值,本地生活--游戏充值--QQ充值
QQ粉钻七个月QQ粉钻7个月/QQ宠物粉钻可查时间★自动充值,本地生活--游戏充值--QQ充值
腾讯QQ币423元 423QB 423QQ币423个 423Q币 423个Q币 自动充值,本地生活--游戏充值--QQ充值
腾讯QQ红钻43个月直充,本地生活--游戏充值--QQ充值
腾讯QQ红钻贵族3个月直充,本地生活--游戏充值--QQ充值
腾讯QQ堂紫钻12个月直充,本地生活--游戏充值--QQ充值
腾讯QQ堂紫钻23个月直充,本地生活--游戏充值--QQ充值
腾讯QQ炫舞紫钻22个月直充,本地生活--游戏充值--QQ充值
腾讯QQ堂紫钻36个月直充,本地生活--游戏充值--QQ充值
【腾讯印象】腾讯QQ密保安全 腾讯QQ令牌游戏密保卡水晶版水滴版设备锁DNF 水晶黄,本地生活--游戏充值--QQ充值
腾讯imageQQ企鹅创意交通卡套刷我滴卡巴士便携式门禁卡银行趣味卡套 Q妹款,箱包皮具--精品男包--卡包名片夹
七匹狼&腾讯《雷霆战机》跨界合作款新品天狼机甲红黑款时尚人字拖 红色 42,食品/饮料/酒水--茗茶--铁观音
腾讯QQ绿钻贵族 音乐绿钻 17个月直充,本地生活--游戏充值--QQ充值
腾讯QQ红钻十个月QQ秀红钻10个月包月卡可查时间可续费★自动充值,本地生活--游戏充值--QQ充值
腾讯QQ蓝钻贵族9个月直充,本地生活--游戏充值--QQ充值
腾讯QQ黄钻贵族3个月直充,本地生活--游戏充值--QQ充值
腾讯QQ币235元 235QB 235QQ币235个 235Q币 235个Q币 自动充值,本地生活--游戏充值--QQ充值
